Job ID,Job URL,Job Title,Company Name,Status,Timestamp,WP ID
98c5f7ad24500e4d,https://pe.linkedin.com/jobs/view/eric-anslyn-at-the-center-for-dynamics-and-control-of-materials-an-nsf-mrsec-at-the-university-of-texas-at-austin-4436042406,Eric Anslyn,,scraped,2026-07-07T02:12:41.879180,
a31e1a38f4413dbc,https://pe.linkedin.com/jobs/view/dublin-san-ramon-services-district-current-job-openings-at-bay-area-clean-water-agencies-4435441963,Dublin San Ramon Services District: Current Job Openings,,scraped,2026-07-07T02:12:48.539478,
cbb9cf61d56be601,https://pe.linkedin.com/jobs/view/laborer-at-qinetiq-us-4417356911,Laborer,,scraped,2026-07-07T02:12:55.222450,
bf02d9c5839407f6,https://pe.linkedin.com/jobs/view/transportation-engineer-ii-iii-iv-district-construction-office-at-texas-department-of-transportation-4435363792,"Transportation Engineer II, III, IV - District Construction Office",,scraped,2026-07-07T02:13:46.537739,
a448ba2eaf0df29e,https://pe.linkedin.com/jobs/view/housekeeper-the-mara-hotel-at-bullpen-capital-4432759092,"Housekeeper, The Mara Hotel",,scraped,2026-07-07T02:14:10.538259,
6b6db1e2323daf16,https://pe.linkedin.com/jobs/view/rigger-ica-at-alfa-holding-group-4437704413,Rigger / ICA,Alfa Holding Group,posted,2026-07-07T02:14:35.926748,19
2fcff90401427b02,https://pe.linkedin.com/jobs/view/impulsadoras-fines-de-semana-at-grupo-lucky-4436339611,Impulsadoras Fines de Semana,Grupo Lucky,posted,2026-07-07T02:15:56.302265,21
0ab6e6658edfca64,https://pe.linkedin.com/jobs/view/maintenance-coordinator-at-telehunt-4436389782,Maintenance Coordinator,,scraped,2026-07-07T02:15:58.942931,
86d3d32e1227f0db,https://pe.linkedin.com/jobs/view/mozo-at-grupo-hasp-service-4437199759,Mozo,Grupo HASP Service,posted,2026-07-07T02:16:50.971021,23
8d1ccc0102ad2d67,https://pe.linkedin.com/jobs/view/mesa-de-partes-4436159389,Mesa de partes,Institucion educativa parroquial,posted,2026-07-07T02:16:57.721655,25
443f21085336cf99,https://pe.linkedin.com/jobs/view/analista-log%C3%ADstico-compras-ate-at-almacenes-santa-clara-4436725748,Analista Logístico/ Compras/ Ate,,scraped,2026-07-07T02:17:00.515101,
37bd986cc1b45b07,https://pe.linkedin.com/jobs/view/cajeros-medio-tiempo-para-distribuidora-desaguadero-at-hermes-per%C3%BA-4436908718,Cajeros Medio tiempo para distribuidora   / Desaguadero,HERMES Perú,posted,2026-07-07T02:17:54.050982,27
f7e7dda1f00fcedd,https://pe.linkedin.com/jobs/view/counter-multifuncional-atenci%C3%B3n-al-cliente-part-time-la-victoria-at-shalom-4436729631,Counter Multifuncional  Atención al Cliente Part Time / La Victoria,,scraped,2026-07-07T02:17:56.636333,
ea0c125500f2a55e,https://pe.linkedin.com/jobs/view/gestor-junior-de-proyectos-gesti%C3%B3n-de-accesos-at-universidad-tecnol%C3%B3gica-del-per%C3%BA-4433705908,GESTOR JUNIOR DE PROYECTOS (Gestión de Accesos),UTP Universidad Tecnológica del Perú,posted,2026-07-07T02:19:16.640770,29
6e8f3016d85db4a8,https://pe.linkedin.com/jobs/view/caja-prymera-entidad-financiera-cajero-a-asesor-a-de-servicios-miraflores-at-corporaci%C3%B3n-e-wong-4436720877,Caja Prymera / Entidad Financiera / Cajero(a) / Asesor(a) de Servicios / Miraflores,Corporación E. Wong,posted,2026-07-07T02:19:26.776625,31
ef8db18dc7473040,https://pe.linkedin.com/jobs/view/asesor-de-servicios-educativos-at-ministerio-de-educacion-4437494985,Asesor de Servicios Educativos,,scraped,2026-07-07T02:19:29.428342,
e168673d12efd204,https://pe.linkedin.com/jobs/view/anfitri%C3%B3n-est%C3%A1ndar-tripulante-de-cabina-at-empresa-de-transportes-perubus-4435360502,Anfitrión Estándar / Tripulante de cabina,EMPRESA DE TRANSPORTES PERUBUS,posted,2026-07-07T02:19:48.908591,33
cc44033bf61d28bf,https://pe.linkedin.com/jobs/view/operario-de-picker-multifuncional-almac%C3%A9n-en-santiago-de-surco-at-rappi-4436447772,Operario de picker multifuncional (almacén) en Santiago de Surco,Rappi,posted,2026-07-07T02:20:20.125810,35
263ed50c8dbbc37c,https://pe.linkedin.com/jobs/view/asistente-de-facturaci%C3%B3n-y-cobranza-rubro-automotriz-surco-at-piaggio-commercial-per%C3%BA-4436142819,Asistente de Facturación y Cobranza / Rubro Automotriz / Surco,Piaggio Commercial Perú,posted,2026-07-07T02:20:36.915335,37
8ddbed673c0bde1c,https://pe.linkedin.com/jobs/view/auxiliares-de-servicio-al-cliente-de-tiempo-completo-para-mall-del-sur-at-corporaci%C3%B3n-e-wong-4435373055,Auxiliares de Servicio al Cliente de Tiempo Completo para Mall del Sur,Corporación E. Wong,posted,2026-07-07T02:20:49.322855,39
0ebf45d6bf59b045,https://www.linkedin.com/jobs/view/9598/,Plumbing Superintendent,humcap,posted,2026-07-07T02:20:57.124344,41
ead3911a3479c1e7,https://pe.linkedin.com/jobs/view/business-development-associate-at-cloudkitchens-4384710717,Business Development Associate,,scraped,2026-07-07T02:20:59.499499,
aa9d96dbf69f552f,https://pe.linkedin.com/jobs/view/vig%C3%ADa-para-obra-en-el-callao-at-abg-construcciones-met%C3%A1licas-y-montaje-4436349051,Vigía para obra en el Callao,,scraped,2026-07-07T02:21:14.611017,
3496dd4cdc106284,https://pe.linkedin.com/jobs/view/barman-hotel-paracas-a-luxury-collection-resort-at-intursa-4432730261,"Barman - Hotel Paracas, a Luxury Collection Resort",INTURSA,posted,2026-07-07T02:22:36.392673,43
d1030395addd3fcb,https://pe.linkedin.com/jobs/view/impulsadora-degustadora-at-alim%C3%A1s-4436341523,Impulsadora/Degustadora,Alimás,posted,2026-07-07T02:22:48.821226,45
3b75bcbdeef894b2,https://pe.linkedin.com/jobs/view/vigilante-san-pablo-trujillo-at-grupo-san-pablo-4436916267,Vigilante/San Pablo Trujillo,,scraped,2026-07-07T02:22:51.425038,
4283d91819b12be7,https://pe.linkedin.com/jobs/view/apoyo-fotogr%C3%A1fico-en-tumbes-at-quantum-valuaciones-s-a-c-4436468146,APOYO FOTOGRÁFICO EN TUMBES,,scraped,2026-07-07T02:23:20.081160,
165c8b9e19f26da3,https://pe.linkedin.com/jobs/view/personal-de-limpieza-at-m-m-contact-center-4436907858,Personal de limpieza,,scraped,2026-07-07T02:24:30.819101,
e57f02a093746bc2,https://pe.linkedin.com/jobs/view/vajillero-at-atlantic-city-casino-sports-4436950542,Vajillero,,scraped,2026-07-07T02:25:41.320875,
eb78da783fce05a3,https://pe.linkedin.com/jobs/view/agente-de-prevenci%C3%B3n-de-perdidas-at-m%C3%A1s-ventas-4436981271,Agente de Prevención de Perdidas,,scraped,2026-07-07T02:25:50.943778,
aa05c6d3c1a37c9c,https://pe.linkedin.com/jobs/view/visual-communication-designer-at-yape-4436385433,Visual Communication Designer,,scraped,2026-07-07T02:25:57.338291,
6df216ea71db4989,https://pe.linkedin.com/jobs/view/capacitador-junior-de-cultura-de-servicio-at-lucha-partners-4436143744,Capacitador junior de  Cultura de Servicio,,scraped,2026-07-07T02:26:04.082570,
c6c2d3f3f40aac1a,https://pe.linkedin.com/jobs/view/vendedor-a-de-librer%C3%ADa-at-lumbreras-editores-4437705365,Vendedor/a de Librería,,scraped,2026-07-07T02:26:12.419777,
4f63d567581f0cb4,https://pe.linkedin.com/jobs/view/secretaria-rubro-salud-at-cl%C3%ADnica-anglo-americana-4435369192,Secretaria / Rubro Salud,,scraped,2026-07-07T02:26:21.908853,
30058383e983b605,https://pe.linkedin.com/jobs/view/dermoconsultora-o-promotora-de-cuidado-personal-pr%C3%B3ceres-at-qf-medicamentos-personalizados-4436350066,Dermoconsultora o Promotora de Cuidado personal / Próceres,,scraped,2026-07-07T02:26:31.948923,
3d0106085e699454,https://pe.linkedin.com/jobs/view/asistente-de-selecci%C3%B3n-procesos-masivos-at-universia-per%C3%BA-4435210413,Asistente de Selección - Procesos Masivos,,scraped,2026-07-07T02:26:38.668544,
71cdbc904768b6df,https://pe.linkedin.com/jobs/view/docente-tiempo-parcial-derecho-remoto-at-universidad-privada-del-norte-4435599724,Docente Tiempo Parcial/ Derecho / Remoto,Universidad Privada del Norte,posted,2026-07-07T02:27:59.442676,47
c6017fc7cbd49e67,https://pe.linkedin.com/jobs/view/especialista-en-superaci%C3%B3n-acad%C3%A9mica-y-proyecci%C3%B3n-para-el-egreso-at-universidad-privada-antenor-orrego-4435377003,Especialista en Superación Académica y Proyección para el Egreso,Universidad Privada Antenor Orrego,posted,2026-07-07T02:28:10.800767,49
9fa45647c9bf00c0,https://pe.linkedin.com/jobs/view/ayudante-de-construcci%C3%B3n-para-el-agustino-at-unicon-profesionales-en-concreto-4435363426,Ayudante de construcción para El Agustino,,scraped,2026-07-07T02:28:13.402887,
904230bbaf073596,https://pe.linkedin.com/jobs/view/asesor-a-atenci%C3%B3n-al-cliente-canales-escritos-turno-ma%C3%B1ana-at-abai-per%C3%BA-4436729648,Asesor(a) / atención al cliente/ canales escritos/ turno mañana,,scraped,2026-07-07T02:28:20.491458,
e3d5cf6684ad9968,https://pe.linkedin.com/jobs/view/ayudante-de-reparto-at-delice-alimentos-4436155085,Ayudante de reparto,,scraped,2026-07-07T02:29:31.448560,
f5b8ee208ce1661f,https://pe.linkedin.com/jobs/view/ayudante-de-tienda-oxxo-salario-competitivo-turno-fijo-cierre-tarde-noche-tiendas-de-surquillo-at-oxxo-per%C3%BA-4436944664,"Ayudante de Tienda OXXO/ Salario competitivo / Turno fijo Cierre (Tarde, noche) Tiendas de Surquillo",OXXO Perú,posted,2026-07-07T02:30:05.033148,51
44358b86383f9a9a,https://pe.linkedin.com/jobs/view/asistente-de-tesoreria-at-vivaldi-inmobiliaria-constructora-4436005314,Asistente de Tesoreria,,scraped,2026-07-07T02:30:07.593094,
076055142a261a71,https://pe.linkedin.com/jobs/view/asesor-call-center-remoto-part-time-lima-o-provincia-at-shalom-4436951471,Asesor call center /  Remoto part time lima o provincia,,scraped,2026-07-07T02:30:15.614842,
0d50a3734c9297ca,https://pe.linkedin.com/jobs/view/cajera-atenci%C3%B3n-al-cliente-at-panorama-hogar-4436724775,Cajera / Atención al cliente,,scraped,2026-07-07T02:30:21.946481,
aad57dccbf9691dc,https://pe.linkedin.com/jobs/view/ayudante-de-almac%C3%A9n-picking-y-estiba-turno-fijo-de-d%C3%ADa-lurin-at-inversiones-san-gabriel-4437709278,Ayudante de Almacén // Picking y Estiba // Turno fijo de día // Lurin,Inversiones San Gabriel,posted,2026-07-07T02:30:42.532983,53
53ecfec789e97cc9,https://pe.linkedin.com/jobs/view/ayudante-multifuncional-chorrillos-turno-fijo-amanecida-at-oxxo-per%C3%BA-4437499665,Ayudante Multifuncional / Chorrillos / Turno fijo amanecida,OXXO Perú,posted,2026-07-07T02:30:55.772428,55
ec6d7f36be49a3c6,https://pe.linkedin.com/jobs/view/asistente-de-almac%C3%A9n-piura-at-los-portales-4436906874,Asistente de Almacén / Piura,,scraped,2026-07-07T02:30:58.517686,
c95f1c640e941053,https://pe.linkedin.com/jobs/view/ayudantes-de-almac%C3%A9n-zarate-sjl-at-hialpesa-4436731569,Ayudantes de almacén / Zarate SJL,HIALPESA,posted,2026-07-07T02:31:17.674185,57
15f1aa775a645e3f,https://pe.linkedin.com/jobs/view/dermoconsultora-de-ruta-para-euroderma-lima-at-touch-latam-chile-4436456461,Dermoconsultora de Ruta para Euroderma (Lima),,scraped,2026-07-07T02:31:20.673470,
49ae7aba6d865833,https://pe.linkedin.com/jobs/view/operario-de-limpieza-cercado-de-lima-gratificaci%C3%B3n-cts-vacaciones-etc-at-empresa-de-transportes-perubus-4435365386,"Operario de Limpieza/Cercado de Lima/Gratificación, cts, vacaciones, etc",EMPRESA DE TRANSPORTES PERUBUS,posted,2026-07-07T02:31:38.482246,59
30f3ccf212d44713,https://pe.linkedin.com/jobs/view/perforista-diamantina-4436369968,Perforista Diamantina,Anonimo unm,posted,2026-07-07T02:31:46.791871,61
cbc7204a6b001557,https://pe.linkedin.com/jobs/view/analista-pricing-at-tiba-4433109606,Analista Pricing,,scraped,2026-07-07T02:31:49.416001,
6f978295dd22bed2,https://pe.linkedin.com/jobs/view/ayudante-de-almac%C3%A9n-hotel-pucallpa-at-hoteles-costa-del-sol-4434500554,Ayudante de almacén - Hotel Pucallpa,,scraped,2026-07-07T02:31:56.656365,
493f0a9eb7fc4a95,https://pe.linkedin.com/jobs/view/coordinador-de-administraci%C3%B3n-de-base-de-datos-at-grupo-vanguard-internacional-4437103425,Coordinador de Administración de Base de Datos,,scraped,2026-07-07T02:32:04.569144,
0b6a098013c310fb,https://pe.linkedin.com/jobs/view/agente-de-control-tarapoto-at-grupo-don-pollo-4436943664,Agente de Control Tarapoto,Grupo Don Pollo,posted,2026-07-07T02:33:24.833114,63
ffb39fa67c625b5d,https://pe.linkedin.com/jobs/view/vajillero-con-o-sin-experiencia-para-la-le%C3%B1a-real-plaza-huancayo-at-adv%C3%ADncula-holding-4436345318,Vajillero con o sin experiencia para La Leña Real Plaza Huancayo,Advíncula Holding,posted,2026-07-07T02:33:35.387202,65
8027cb51027eb4fa,https://pe.linkedin.com/jobs/view/critical-raw-materials-experts-at-ntu-international-a-s-4437121449,Critical Raw Materials Experts,,scraped,2026-07-07T02:33:37.946206,
588247a0f80997e4,https://pe.linkedin.com/jobs/view/operator-at-kemin-industries-4427555917,Operator,Kemin Industries,posted,2026-07-07T02:34:15.644008,67
00ae4f9aeefe4eec,https://pe.linkedin.com/jobs/view/driver-conductor-con-auto-propio-o-van-propia-para-supermercado-en-surco-at-touch-latam-chile-4436145811,Driver/Conductor con Auto propio o Van propia para Supermercado en Surco,,scraped,2026-07-07T02:34:18.281155,
02f2c759c2f4d4c5,https://pe.linkedin.com/jobs/view/trabaja-de-lunes-a-s%C3%A1bado-sueldo-fijo-1300-part-time-full-time-fija-hogar-capas-cortas-at-partner-service-4436998607,trabaja de lunes a sábado/sueldo fijo 1300/part time/full time/Fija hogar /capas/cortas,Partner Service,posted,2026-07-07T02:34:33.861180,69
29bc533e4a6f2b0e,https://pe.linkedin.com/jobs/view/chofer-ayudante-de-almac%C3%A9n-at-ingenieros-friotemp-sac-4436157026,Chofer / Ayudante de almacén,,scraped,2026-07-07T02:34:36.807251,
6d1413518b4c22d9,https://pe.linkedin.com/jobs/view/operario-de-limpieza-horarios-rotativos-semanales-para-servicio-aceros-arequipa-en-pisco-at-resiter-per%C3%BA-4437709272,Operario de Limpieza (Horarios rotativos semanales) para Servicio Aceros Arequipa en Pisco,,scraped,2026-07-07T02:34:43.865659,
2e3791d0243e24c4,https://pe.linkedin.com/jobs/view/cajera-multifuncional-at-restaurante-el-rinc%C3%B3n-de-vallejo-4436969737,Cajera multifuncional,,scraped,2026-07-07T02:34:51.216318,
7bda5de8968b395a,https://pe.linkedin.com/jobs/view/vajillero-lavaplatos-limpieza-at-nagoya-per%C3%BA-4436337715,Vajillero/Lavaplatos/Limpieza,NAGOYA PERÚ,posted,2026-07-07T02:35:09.972567,71
3c555db48a303ce4,https://pe.linkedin.com/jobs/view/agente-de-cobranzas-campo-fijo-con-experiencia-%E2%80%93-chimbote-y-casma-at-grupo-recupera-4436466047,Agente de cobranzas Campo Fijo con experiencia – Chimbote y Casma,Grupo Recupera,posted,2026-07-07T02:37:03.357189,73
c7a04b42a5d90b69,https://pe.linkedin.com/jobs/view/se-necesita-vajilleros-para-restaurante-isushi-miraflores-at-isushi-per%C3%BA-4436743012,Se necesita Vajilleros para Restaurante Isushi Miraflores,ISUSHI PERÚ,posted,2026-07-07T02:38:36.586325,75
7907bec6b1b299ca,https://pe.linkedin.com/jobs/view/operador-de-cctv-12hrs-chao-at-boxer-security-4436138964,Operador de CCTV 12hrs  /Chao,,scraped,2026-07-07T02:38:39.045448,
397324f1c27aedb1,https://pe.linkedin.com/jobs/view/operador-basico-colector-at-veolia%C2%A0per%C3%BA-4436456479,Operador Basico Colector,,scraped,2026-07-07T02:38:56.267130,
54e01b6b7fb3426f,https://pe.linkedin.com/jobs/view/lavaplatos-vajilleros-full-time-para-jes%C3%BAs-maria-at-isushi-per%C3%BA-4436136936,Lavaplatos / Vajilleros Full Time para Jesús Maria,ISUSHI PERÚ,posted,2026-07-07T02:39:15.584471,77
06088642b66179ed,https://pe.linkedin.com/jobs/view/urgente-ayudante-en-mantenimiento-hfc-con-o-sin-experiencia-s-j-l-santa-anita-zonas-aleda%C3%B1as-at-cicsa-per%C3%BA-s-a-c-4436959057,"Urgente Ayudante en Mantenimiento HFC/ Con o Sin experiencia S.J.L, Santa Anita, zonas aledañas",Cicsa Perú S.A.C.,posted,2026-07-07T02:40:35.294141,79
d3bee2e338b3de22,https://pe.linkedin.com/jobs/view/promotor-a-de-ventas-sjl-%C2%A1descansa-2d-a-la-semana%21-planilla-sueldo-%2B-comisiones-at-la-tinka-4436922157,Promotor(a) de ventas SJL: ¡Descansa 2d a la semana! // Planilla: Sueldo + Comisiones,,scraped,2026-07-07T02:40:37.828803,
1ddb8034c3bf520b,https://pe.linkedin.com/jobs/view/operador-volquete-at-grupo-gremcor-4436979477,Operador Volquete,GRUPO GREMCOR,posted,2026-07-07T02:40:56.105677,81
872257a302a8d18a,https://pe.linkedin.com/jobs/view/vigilante-privado-at-aqa-quimica-4436156038,Vigilante  Privado,,scraped,2026-07-07T02:40:58.859204,
24cf6118126e500d,https://pe.linkedin.com/jobs/view/mercadersitas-de-rutas-supermercados-y-tradicional-at-grupo-lucky-4436328910,Mercadersitas de Rutas Supermercados y Tradicional,Grupo Lucky,posted,2026-07-07T02:41:49.793679,83
7a1f685077b705cf,https://pe.linkedin.com/jobs/view/child-nutrition-services-accounting-technician-technical-support-%40-do-cns-bilingual-preferred-at-san-marcos-unified-school-district-4435510676,Child Nutrition Services Accounting Technician & Technical Support @ DO/CNS (Bilingual Preferred),,scraped,2026-07-07T02:41:52.303010,
133b588386a27fa3,https://pe.linkedin.com/jobs/view/substitute-teacher-in-person-substitute-teacher-pool-at-san-marcos-unified-school-district-4432396749,Substitute Teacher - In person Substitute Teacher Pool,San Marcos Unified School District,posted,2026-07-07T02:42:18.706546,85
d91990c328f6e1e8,https://pe.linkedin.com/jobs/view/mercaderista-para-huancayo-canal-moderno-ingreso-r%C3%A1pido-at-eficacia-per%C3%BA-4436926053,Mercaderista para Huancayo/ Canal moderno  / Ingreso rápido,,scraped,2026-07-07T02:42:21.305660,
0ae0f64d484c3372,https://pe.linkedin.com/jobs/view/vajillero-a-regimen-14x7-puno-at-sodexo-4436461218,Vajillero(a)   Regimen  14x7 Puno,,scraped,2026-07-07T02:42:29.174627,
b28f28d6a4660b42,https://pe.linkedin.com/jobs/view/asistente-de-ssoma-at-movil-bus-4433148712,Asistente de Ssoma,,scraped,2026-07-07T02:42:35.864908,
9286d265541bfd1f,https://pe.linkedin.com/jobs/view/asistente-administrativo-at-hervas-sac-4435250544,Asistente Administrativo,,scraped,2026-07-07T02:42:43.478221,
650e9fd284756451,https://pe.linkedin.com/jobs/view/ayudante-de-reparto-at-boticas-y-salud-4436957138,Ayudante de reparto,,scraped,2026-07-07T02:42:51.191658,
84cd64b69cb4ea9b,https://pe.linkedin.com/jobs/view/coordinador-de-servicios-y-recursos-de-apoyo-al-aprendizaje-at-universidad-privada-antenor-orrego-4436460302,Coordinador de servicios y recursos de apoyo al aprendizaje,Universidad Privada Antenor Orrego,posted,2026-07-07T02:43:06.172823,87
b9e40c416b20ed5f,https://pe.linkedin.com/jobs/view/asistente-de-gerencia-at-distribuidora-bajopontina-s-a-4435588975,Asistente de Gerencia,,scraped,2026-07-07T02:43:08.921430,
c409983f9fa96b48,https://pe.linkedin.com/jobs/view/auxiliar-de-electricidad-at-jockey-club-del-per%C3%BA-4436943650,Auxiliar de Electricidad,Jockey Club del Perú,posted,2026-07-07T02:44:30.873627,89
6af79c8146f9d7ac,https://pe.linkedin.com/jobs/view/auxiliar-de-almac%C3%A9n-at-perufarma-s-a-4436448696,Auxiliar de almacén,Perufarma S.A.,posted,2026-07-07T02:44:45.422880,91
31283f39aa6c1a0e,https://pe.linkedin.com/jobs/view/asistente-de-reclutamiento-y-gesti%C3%B3n-de-talento-humano-at-lari-contratistas-per%C3%BA-4436150307,Asistente de Reclutamiento y Gestión de Talento Humano,,scraped,2026-07-07T02:44:48.167938,
7911f399bcdd7c0a,https://pe.linkedin.com/jobs/view/asistente-de-compras-at-grupo-santis-4436955370,Asistente de compras,,scraped,2026-07-07T02:44:57.065056,
a5c00f65896c65d8,https://pe.linkedin.com/jobs/view/practicante-profesional-ambiental-egresados-a-at-unicon-profesionales-en-concreto-4436345345,Practicante Profesional Ambiental. Egresados (a),,scraped,2026-07-07T02:45:10.468874,
aedc3bda7bbfdcae,https://pe.linkedin.com/jobs/view/teacher-special-education-mild-to-moderate-support-needs-secondary-2026-2027-at-san-marcos-unified-school-district-4432710433,"Teacher, Special Education Mild to Moderate Support Needs - Secondary (2026/2027)",,scraped,2026-07-07T02:45:17.595620,
0cfcd14eba1e6a88,https://pe.linkedin.com/jobs/view/operador-de-centro-de-control-mina-chiclayo-at-liderman-4436735436,Operador de Centro de Control /Mina/Chiclayo,,scraped,2026-07-07T02:45:24.999842,
2846c9d8be9331f1,https://pe.linkedin.com/jobs/view/se-solicita-cajero-a-para-casino-en-tacna-at-gladcon-group-4436155089,Se solicita Cajero(a) para Casino en Tacna,GLADCON GROUP,posted,2026-07-07T02:45:41.228410,93
3b5ea9b597fbe3ee,https://pe.linkedin.com/jobs/view/digital-experts-at-ntu-international-a-s-4437155801,Digital Experts,,scraped,2026-07-07T02:45:43.903234,
d07a43d67f507776,https://pe.linkedin.com/jobs/view/mozo-regimen-minero-14x7-cuzco-at-sodexo-4436921125,Mozo  / Regimen Minero 14x7/ cuzco,,scraped,2026-07-07T02:45:51.292550,
5b4bad0258af3917,https://pe.linkedin.com/jobs/view/impulsadoras-en-lubricentros-at-grupo-lucky-4436140913,Impulsadoras en Lubricentros,Grupo Lucky,posted,2026-07-07T02:47:15.579672,95
cf9dab68f6b4eb68,https://pe.linkedin.com/jobs/view/descansa-los-fines-de-semana-en-vivanda-anfitri%C3%B3n-a-de-estacionamiento-turno-tarde-fijo-at-apparka-4437107140,Descansa los fines de semana en Vivanda/ Anfitrión(a)de estacionamiento/Turno tarde fijo,apparka,posted,2026-07-07T02:47:32.843454,97
12a97317533f880c,https://pe.linkedin.com/jobs/view/chofer-en-la-victoria%21%21-s-1130-%2B-s-200-valet-de-estacionamiento-turno-ma%C3%B1ana-at-apparka-4437177962,Chofer en La Victoria!! S/1130 + S/200 Valet de estacionamiento / Turno mañana,apparka,posted,2026-07-07T02:47:47.969416,99
8407a7774017bd55,https://pe.linkedin.com/jobs/view/%C2%A1trabaja-ya-turno-ma%C3%B1ana-7am-a-3pm%21-anfitri%C3%B3n-de-estacionamiento-wong-ucello-san-borja-at-apparka-4437175992,¡Trabaja Ya Turno Mañana 7am a 3pm! Anfitrión de estacionamiento Wong Ucello/San Borja,apparka,posted,2026-07-07T02:48:04.864017,101
b1cb1aa14cb09978,https://pe.linkedin.com/jobs/view/%C2%A1urgente%21-buscamos-conductor-a1-turno-fijos-y-rotativos-at-apparka-4435810066,¡Urgente! Buscamos Conductor A1  / Turno fijos y rotativos,apparka,posted,2026-07-07T02:48:26.256374,103
bc2005b2ac26e597,https://pe.linkedin.com/jobs/view/mec%C3%A1nico-a-iii-mantenimiento-concentradora-mina-at-antamina-4436220820,Mecánico(a) III Mantenimiento Concentradora Mina,,scraped,2026-07-07T02:48:28.823396,
4a7e7df71585e69f,https://pe.linkedin.com/jobs/view/asistente-administrativo-contable-at-movitecnica-4435123037,Asistente Administrativo Contable,,scraped,2026-07-07T02:48:35.801885,
d10ee9de98f346fa,https://pe.linkedin.com/jobs/view/almac%C3%A9n-en-angamos-miraflores-con-o-sin-experiencia-at-rappi-4437182611,Almacén en Angamos (Miraflores) Con o sin experiencia,Rappi,posted,2026-07-07T02:49:47.202642,105
79ab1e0c6ffc02b3,https://pe.linkedin.com/jobs/view/director-creativo-general-at-fuxion-biotech-4436955351,Director Creativo General,,scraped,2026-07-07T02:49:49.783056,
ce0baf5cea95980e,https://pe.linkedin.com/jobs/view/asistente-de-compras-y-almac%C3%A9n-at-lucha-partners-4436142817,Asistente de compras y almacén,,scraped,2026-07-07T02:49:56.578631,
4a9c8cbe5bcfb8d6,https://pe.linkedin.com/jobs/view/operario-de-limpieza-lurin-km40-at-grupo-jlb-4435482242,Operario de limpieza - Lurin km40,,scraped,2026-07-07T02:51:12.785727,
4d1f8641b628b16d,https://pe.linkedin.com/jobs/view/director-de-planning-comunicaciones-at-yanbal-4435316169,Director de Planning & Comunicaciones,,scraped,2026-07-07T02:52:23.597389,
204e128bf8fa61bb,https://pe.linkedin.com/jobs/view/ayudante-de-producci%C3%B3n-almac%C3%A9n-at-delcrosa-4436137994,Ayudante de Producción/Almacén,,scraped,2026-07-07T02:52:32.462887,
8efe0ff5c47a5078,https://pe.linkedin.com/jobs/view/supervisor-de-producci%C3%B3n-planta-pl%C3%A1sticos-at-matritech-4436347144,Supervisor de Producción Planta Plásticos,MATRITECH,posted,2026-07-07T02:52:54.392779,107
be3d9c5728619b69,https://pe.linkedin.com/jobs/view/almacenero-a-de-contenedores-disponibilidad-inmediata-at-terminales-portuarios-peruanos-sac-4436737320,Almacenero(a) de Contenedores Disponibilidad Inmediata,Terminales Portuarios Peruanos SAC,posted,2026-07-07T02:53:07.930918,109
b5e8465a6a945dbf,https://pe.linkedin.com/jobs/view/auxiliar-t%C3%A9cnico-de-telecomunicaciones-at-jockey-club-del-per%C3%BA-4436958097,Auxiliar Técnico de telecomunicaciones,Jockey Club del Perú,posted,2026-07-07T02:53:20.255209,111
e4146eb9abd02337,https://pe.linkedin.com/jobs/view/coordinador-ssoma-rubro-transporte-de-carga-pesada-at-hagemsa-project-oficial-4436335776,Coordinador Ssoma Rubro Transporte de Carga Pesada,Hagemsa Project (Oficial),posted,2026-07-07T02:54:37.732808,113
6b37cbbfae8f140d,https://pe.linkedin.com/jobs/view/apoyo-en-administraci%C3%B3n-de-personal-at-agricola-santa-azul-4436924057,Apoyo en Administración de Personal,AGRICOLA SANTA AZUL,posted,2026-07-07T02:54:48.595840,115
8b0ef250067960fe,https://pe.linkedin.com/jobs/view/auxiliar-de-limpieza-%E2%80%93-av-venezuela-full-time-turno-tarde-at-sodexo-4436444897,Auxiliar de Limpieza – Av Venezuela / Full time / Turno  tarde,,scraped,2026-07-07T02:54:51.292974,
6cfbfdc7f7e00f6d,https://pe.linkedin.com/jobs/view/agente-recepcionista-12-hrs-rotativas-cajamarquilla-huachipa-at-liderman-4436443904,"Agente Recepcionista/12 hrs rotativas/ Cajamarquilla, Huachipa",,scraped,2026-07-07T02:54:57.881975,
76c8c127819a2999,https://pe.linkedin.com/jobs/view/banco-santander-turno-madrugada-banca-asesor-atenci%C3%B3n-al-cliente-p%C3%BAblico-espa%C3%B1ol-at-be-call-group-4435373098,Banco Santander/ Turno Madrugada / Banca / Asesor Atención al Cliente Público Español,,scraped,2026-07-07T02:55:04.806214,
5712426368c496f9,https://pe.linkedin.com/jobs/view/operario-de-limpieza-at-club-internacional-arequipa-4437710224,Operario de Limpieza,,scraped,2026-07-07T02:55:11.968683,
8edaf1c9e3d7fd9d,https://pe.linkedin.com/jobs/view/seguridad-conserje-at-instituto-arzobispo-loayza-4435363396,Seguridad /Conserje,,scraped,2026-07-07T02:55:22.032395,
19efa3f8300aeae4,https://pe.linkedin.com/jobs/view/t%C3%A9cnico-instalador-con-o-sin-experiencia-claro-at-cobra-per%C3%BA-4436156028,Técnico Instalador con o sin experiencia Claro,,scraped,2026-07-07T02:55:28.575512,
b422fdfa107a7780,https://pe.linkedin.com/jobs/view/agente-de-seguridad-pacasmayo-12-hrs-rotativo-7-x-1-at-boxer-security-4436946640,Agente de Seguridad Pacasmayo/12 hrs  Rotativo/ 7 x 1,,scraped,2026-07-07T02:55:37.178727,
659cc2cd43e212fb,https://pe.linkedin.com/jobs/view/asistente-de-compras-sede-sjl-z%C3%A1rate-at-grupo-pionier-4436337661,"Asistente de Compras. Sede: SJL, Zárate",Grupo Pionier,posted,2026-07-07T02:55:54.225111,117
f8bb29d5353f6dc1,https://pe.linkedin.com/jobs/view/warehouse-worker-i-at-ups-4427203874,warehouse worker I,UPS,posted,2026-07-07T02:56:06.361109,119
9ba21c32d97b0907,https://pe.linkedin.com/jobs/view/auxiliar-de-limpieza-servicios-a-gloria-huachipa-at-resiter-per%C3%BA-4435801613,Auxiliar de limpieza/Servicios a Gloria / Huachipa,,scraped,2026-07-07T02:56:08.884713,
25a8a7459aba290d,https://pe.linkedin.com/jobs/view/asistente-de-finanzas-at-agroexportadora-4434654968,Asistente de finanzas,Agroexportadora,posted,2026-07-07T02:56:23.816527,121
db513f90e3214eb5,https://pe.linkedin.com/jobs/view/auxiliar-de-limpieza-at-grupo-san-pablo-4435371132,Auxiliar de limpieza,,scraped,2026-07-07T02:56:26.504610,
c3b960585c7a4a8c,https://pe.linkedin.com/jobs/view/auxiliar-de-almac%C3%A9n-tacna-at-oasi-4435588986,Auxiliar de Almacén // Tacna,OASI,posted,2026-07-07T02:56:58.509810,123
1780a3b49a50ea7e,https://pe.linkedin.com/jobs/view/office-based-call-center-agent-cajamarca-peru-at-srr-group-4436477978,"Office-based_Call Center Agent (Cajamarca, Peru)",SRR Group,posted,2026-07-07T02:57:22.629781,125
166d209ac8b7eb1b,https://pe.linkedin.com/jobs/view/%C2%A1atenci%C3%B3n-punta-hermosa%21-impulsadores-choripaneros-as-para-supermercado-at-deal-brand-4435809127,¡Atención Punta Hermosa! Impulsadores Choripaneros(as) para Supermercado,,scraped,2026-07-07T02:57:25.493210,
cf5f7ad5df5bbc00,https://pe.linkedin.com/jobs/view/prevencionistas-personal-de-seguridad-at-gladcon-group-4435371141,Prevencionistas/Personal de Seguridad,GLADCON GROUP,posted,2026-07-07T02:57:40.700669,127
006b01d981f6e659,https://pe.linkedin.com/jobs/view/accounts-receivable-officer-at-microsourcing-4409156550,Accounts Receivable Officer,,scraped,2026-07-07T02:57:45.823650,
3be1cec63d36a215,https://pe.linkedin.com/jobs/view/mercaderista-zona-este-zona-sur-at-grupo-lucky-4436341490,Mercaderista  Zona Este / Zona Sur,Grupo Lucky,posted,2026-07-07T02:59:09.844716,129
8308c9836f17ec5e,https://pe.linkedin.com/jobs/view/sodimac-chiclayo-coordinador-de-cajas-y-ssee-volante-at-sodimac-4409049818,Sodimac Chiclayo / Coordinador de Cajas y SSEE Volante,,scraped,2026-07-07T02:59:12.548440,
b0d9782c36a010a2,https://pe.linkedin.com/jobs/view/coordinador-comercial-mall-aventura-san-juan-de-lurigancho-at-almacenes-santa-clara-4436328893,Coordinador Comercial (Mall Aventura San Juan de Lurigancho),,scraped,2026-07-07T02:59:18.866908,
aafae1537f3fd06b,https://pe.linkedin.com/jobs/view/operador-multifuncional-maxi-ahorro-progreso-at-mayorsa-4436723792,Operador Multifuncional Maxi Ahorro Progreso,,scraped,2026-07-07T02:59:26.322803,
ce5b21053a241cf2,https://pe.linkedin.com/jobs/view/coordinador-a-bim-at-vdise%C3%B1o-4437463534,Coordinador(a) BIM,Vdiseño,posted,2026-07-07T02:59:42.135366,131
edbaa4f0f2c78dc9,https://pe.linkedin.com/jobs/view/t%C3%A9cnico-a-de-farmacia-zarate-at-boticas-y-salud-4436452546,Técnico(a) de Farmacia/ Zarate,,scraped,2026-07-07T02:59:44.722901,
04c2ad63051db5c2,https://pe.linkedin.com/jobs/view/grupo-smart-fit-recepcionista-la-victoria-at-smart-fit-per%C3%BA-4435375016,Grupo Smart Fit / Recepcionista / La Victoria,,scraped,2026-07-07T02:59:51.245907,
2b0e5f969ed1ccf7,https://pe.linkedin.com/jobs/view/auxiliar-de-planilla-estudiante-de-6to-ciclo-at-hermes-per%C3%BA-4437702464,Auxiliar de planilla/Estudiante de 6to ciclo,HERMES Perú,posted,2026-07-07T03:00:43.427552,133
7ce3a969ad47ef52,https://pe.linkedin.com/jobs/view/asistente-de-contabilidad-at-mitta-per%C3%BA-4436738255,Asistente de Contabilidad,,scraped,2026-07-07T03:00:46.057100,
1548c022ef23b887,https://pe.linkedin.com/jobs/view/operarios-y-o-auxiliares-de-almac%C3%A9n-y-despacho-de-lunes-a-viernes-turno-ma%C3%B1ana-huachipa-at-cantol-s-a-c-4437113956,Operarios y/o Auxiliares de Almacén y Despacho de Lunes a viernes Turno Mañana (Huachipa),,scraped,2026-07-07T03:00:55.834034,
a6a3b0383a11cda9,https://pe.linkedin.com/jobs/view/operario-de-limpieza-sanitaria-at-national-facilities-4436949559,Operario de Limpieza Sanitaria,,scraped,2026-07-07T03:01:08.817137,
cd7cec833269d423,https://pe.linkedin.com/jobs/view/auxiliar-de-equipajes-at-ittsabus-4436446793,Auxiliar de equipajes,,scraped,2026-07-07T03:01:17.236227,
aa17da4c1581591d,https://pe.linkedin.com/jobs/view/asesor-de-atenci%C3%B3n-al-cliente-remoto-trabaja-desde-casa-sueldo-fijo-capacitaciones-pagadas-at-partner-service-4436940729,Asesor de Atención al Cliente Remoto / Trabaja desde Casa / Sueldo Fijo / Capacitaciones Pagadas,Partner Service,posted,2026-07-07T03:02:38.508984,135
2b8f9f511b1b301d,https://pe.linkedin.com/jobs/view/asistente-de-taller-at-bumeran-selecta-per%C3%BA-4432777455,Asistente de Taller,,scraped,2026-07-07T03:02:41.451273,
fae26d024f449df7,https://pe.linkedin.com/jobs/view/asistente-de-recursos-humanos-at-global-fiber-peru-4436741133,Asistente de recursos humanos,GLOBAL FIBER PERU,posted,2026-07-07T03:03:33.772414,137
2ac0e51e59eaf3b2,https://pe.linkedin.com/jobs/view/encargado-de-almac%C3%A9n-full-time-topitop-canad%C3%A1-at-topitop-4435596768,Encargado de Almacén Full Time Topitop Canadá,,scraped,2026-07-07T03:03:36.369740,
263f5feac83dc3d4,https://pe.linkedin.com/jobs/view/auxiliar-de-recursos-humanos-at-indpack-sac-4436981282,Auxiliar de recursos humanos,INDPACK SAC,posted,2026-07-07T03:03:54.194203,139
ccaaaa6f2b72c639,https://pe.linkedin.com/jobs/view/ayudante-de-producci%C3%B3n-pintura-y-granallado-at-resemin-4435805237,Ayudante de producción/Pintura y Granallado,RESEMIN,posted,2026-07-07T03:04:07.512750,141
7cd494b4daf6b9d4,https://pe.linkedin.com/jobs/view/ayudantes-de-cocina-para-cl%C3%ADnica-oncosalud-en-san-borja-sodexo-trabaja-cerca-a-la-rambla-at-sodexo-4436995691,Ayudantes de Cocina para Clínica Oncosalud en San Borja/Sodexo/Trabaja cerca a la Rambla,,scraped,2026-07-07T03:04:10.042137,
9b4156183f52c85a,https://pe.linkedin.com/jobs/view/operarios-de-limpieza-vajilleros-callao-at-servicial-holding-4436465061,Operarios de Limpieza // Vajilleros // Callao,,scraped,2026-07-07T03:04:16.650181,
f0d901c69278ad5f,https://pe.linkedin.com/jobs/view/oportunidad-asesor-a-de-atenci%C3%B3n-a-clientes-postpago-hasta-s-1-600-o-m%C3%A1s-con-bonos-presencial-at-gea-per%C3%BA-4436152210,"Oportunidad /Asesor(a) de Atención a Clientes Postpago / Hasta S/ 1,600 o más con bonos/ Presencial",GEA Perú,posted,2026-07-07T03:04:36.000399,143
065d86caee1c5b7b,https://pe.linkedin.com/jobs/view/atenci%C3%B3n-al-cliente-at-gea-per%C3%BA-4436152130,Atención al cliente,GEA Perú,posted,2026-07-07T03:04:47.548432,145
50964455d958373d,https://pe.linkedin.com/jobs/view/asesor-de-atenci%C3%B3n-al-cliente-%E2%80%93-modalidad-remota-full-time-con-experiencia-at-partner-service-4436913457,Asesor de Atención al Cliente – Modalidad Remota / Full time/ Con experiencia,Partner Service,posted,2026-07-07T03:04:58.437513,147
7b084f7fd990df48,https://pe.linkedin.com/jobs/view/analista-banca-corporativa-at-scotiabank-4434606044,Analista Banca Corporativa,,scraped,2026-07-07T03:05:01.174854,
07d1fe9287c77daf,https://pe.linkedin.com/jobs/view/cordinador-de-recursos-humanos-at-south-central-home-settlements-4435376136,Cordinador de Recursos Humanos,South Central Home Settlements,posted,2026-07-07T03:05:16.631112,149
ed43324564edb1ab,https://pe.linkedin.com/jobs/view/prevencionistas-de-seguridad-at-universidad-c%C3%A9sar-vallejo-4436943645,Prevencionistas de Seguridad,Universidad César Vallejo,posted,2026-07-07T03:05:27.247406,151
fc0ea63ebd943d5c,https://pe.linkedin.com/jobs/view/montajista-proyecto-1-mes-trabajo-mina-t%C3%ADa-mar%C3%ADa-at-cicsa-per%C3%BA-s-a-c-4436952415,Montajista (Proyecto 1 mes) / Trabajo Mina Tía María,Cicsa Perú S.A.C.,posted,2026-07-07T03:05:39.769085,153
5d0efd76a4a3008c,https://pe.linkedin.com/jobs/view/%C2%A1buscamos-talento-a-nivel-nacional-para-trabajar-en-lima%21-at-continental-standford-4436141900,¡Buscamos talento a nivel nacional para trabajar en Lima!,,scraped,2026-07-07T03:05:42.465500,
5f0a3d884d9f2e74,https://pe.linkedin.com/jobs/view/programador-at-sgs-4432760032,Programador,,scraped,2026-07-07T03:05:49.359046,
25c3083281f823fe,https://pe.linkedin.com/jobs/view/%C2%A1descansa-fijo-domingos%21-trabaja-de-9am-6pm-10am-a-7pm-asesores-de-portabilidad-%C2%A1capa-solo-5d%C3%ADas%21-at-abai-per%C3%BA-4435370178,¡Descansa fijo Domingos! Trabaja de 9am 6pm/10am a 7pm/ Asesores de Portabilidad ¡capa solo 5días!,,scraped,2026-07-07T03:05:56.115525,
ca4b4237263d7ede,https://pe.linkedin.com/jobs/view/deputy-program-manager-featured-at-northumberland-ferries-limited-4437455575,Deputy Program Manager Featured,,scraped,2026-07-07T03:06:03.580523,
83684469aafd38d3,https://pe.linkedin.com/jobs/view/conductor-de-reparto-para-coca-cola-a3b-a3c-planilla-y-beneficios-de-ley-sueldo-competitivo-s-3-156-at-distribuidora-bajopontina-s-a-4436349064,"Conductor de Reparto para Coca Cola A3B/A3C/Planilla y Beneficios de ley/Sueldo competitivo s/3,156",,scraped,2026-07-07T03:06:18.859575,
26e04bb8d01e8dba,https://pe.linkedin.com/jobs/view/entrevista-masiva-mi%C3%A9rcoles-08-07-ayudante-de-producci%C3%B3n-at-pamolsa-carvajal-empaques-pe-4437704384,Entrevista Masiva Miércoles 08/07 Ayudante de producción,,scraped,2026-07-07T03:06:26.615890,
b036b5580a5688e6,https://pe.linkedin.com/jobs/view/supervisor-de-permisos-at-confidential-careers-4436231143,Supervisor de Permisos,,scraped,2026-07-07T03:06:34.479291,
24ca16fcc70227a4,https://pe.linkedin.com/jobs/view/%C2%A1capacitaciones-cortas-y-pagadas%21-asesores-de-portabilidad-turno-ma%C3%B1ana-at-abai-per%C3%BA-4436142807,¡Capacitaciones cortas y pagadas! Asesores de Portabilidad/Turno mañana,,scraped,2026-07-07T03:06:41.230750,
f9598f68638b0440,https://pe.linkedin.com/jobs/view/shanghai-multilingual-talent-opportunity-at-trafigura-4432796849,Shanghai Multilingual Talent Opportunity,,scraped,2026-07-07T03:06:48.460154,
244021b5ca32b566,https://pe.linkedin.com/jobs/view/arquitecto-a-de-desarrollo-comercial-at-abril-grupo-inmobiliario-4432746390,Arquitecto(a) de Desarrollo Comercial,Abril Grupo Inmobiliario,posted,2026-07-07T03:07:07.079988,155
d94ea78abf5bcb78,https://pe.linkedin.com/jobs/view/tecn%C3%B3logo-a-de-rehabilitaci%C3%B3n-at-asociaci%C3%B3n-peruano-japonesa-apj-4436926041,Tecnólogo(a) de Rehabilitación,,scraped,2026-07-07T03:07:09.645187,
b6a341fafd354d47,https://pe.linkedin.com/jobs/view/auxiliar-de-almac%C3%A9n-ate-at-ipesa-4436444896,Auxiliar de almacén Ate,,scraped,2026-07-07T03:08:21.516973,
7fb430ea99ea8a34,https://pe.linkedin.com/jobs/view/asistente-de-producci%C3%B3n-at-grupo-flesan-per%C3%BA-4436726683,Asistente de producción,Grupo Flesan Perú,posted,2026-07-07T03:08:42.700710,157
d2445a2c5c01c6cc,https://pe.linkedin.com/jobs/view/asistente-de-facturaci%C3%B3n-at-grupo-san-pablo-4436975530,Asistente de Facturación,,scraped,2026-07-07T03:08:45.518704,
bcbbac6b935099da,https://pe.linkedin.com/jobs/view/auxiliar-contable-egresado-bachiller-lima-at-deltron-4436136992,Auxiliar Contable // Egresado // Bachiller // Lima,,scraped,2026-07-07T03:09:02.252671,
0549bea666579918,https://pe.linkedin.com/jobs/view/%21-trabaja-r-e-m-o-t-o-%21-recepcionista-de-llamadas-atc-home-office-turno-tarde-at-gea-per%C3%BA-4436990810,! Trabaja R.E.M.O.T.O ! Recepcionista de llamadas ATC / Home Office / Turno Tarde,GEA Perú,posted,2026-07-07T03:09:18.873401,159
4b8eb1ca1414fef1,https://pe.linkedin.com/jobs/view/atenci%C3%B3n-al-ciente-postpago-s-1-600-a-m%C3%A1s-sueldo-fijo-y-bonos-at-gea-per%C3%BA-4436735437,"Atención al ciente PostPago /  S/ 1,600 a más  / Sueldo fijo y bonos",GEA Perú,posted,2026-07-07T03:10:36.356109,161
0c13f09bc0f19851,https://pe.linkedin.com/jobs/view/ayudantes-de-cocina-cocineros-restaurante-en-la-molina-at-isushi-per%C3%BA-4436955368,Ayudantes de Cocina /Cocineros Restaurante en La Molina,ISUSHI PERÚ,posted,2026-07-07T03:10:46.692053,163
124837ea014df464,https://pe.linkedin.com/jobs/view/%C2%A1trabajo-remoto%21-trabaja-desde-casa-sin-experiencia-atenci%C3%B3n-al-cliente-at-gea-per%C3%BA-4436734453,¡Trabajo remoto! Trabaja desde casa / Sin experiencia / Atención al Cliente,,scraped,2026-07-07T03:10:49.351398,
ddc3b01bad70315f,https://pe.linkedin.com/jobs/view/delivery-motorizado-volante-tiempo-completo-boticas-y-salud-at-boticas-y-salud-4436907851,Delivery Motorizado/ Volante/ Tiempo completo/ Boticas y salud,,scraped,2026-07-07T03:10:55.574690,
1673a34dcfb6a20c,https://pe.linkedin.com/jobs/view/%C2%A1trabaja-en-miro-quesada-centro-de-lima-como-anfitri%C3%B3n-de-estacionamiento%21-3pm-a-11pm-at-apparka-4436942632,¡Trabaja en Miro Quesada Centro de Lima como Anfitrión de Estacionamiento! 3pm A 11pm,apparka,posted,2026-07-07T03:11:20.359426,165
75f8b97c0c6d8160,https://pe.linkedin.com/jobs/view/afiliador-para-billetera-digital-at-grupo-lucky-4437713186,Afiliador para  Billetera Digital,Grupo Lucky,posted,2026-07-07T03:11:35.354481,167
e430c9ef8d090beb,https://pe.linkedin.com/jobs/view/operario-de-estibador-turno-tarde-la-victoria-at-shalom-4436940748,Operario de Estibador Turno Tarde / La Victoria,,scraped,2026-07-07T03:11:38.071732,
01bcf200f67bdab4,https://pe.linkedin.com/jobs/view/%C2%A1buscamos-anfitri%C3%B3n-de-estacionamiento-en-centro-de-lima%21-at-apparka-4436344434,¡Buscamos Anfitrión de Estacionamiento en Centro de Lima!,apparka,posted,2026-07-07T03:11:59.528906,169
ff3f045fad05c062,https://pe.linkedin.com/jobs/view/nuevo-aeropuerto-12-hrs-rotativo-callao-100-agentes-de-seguridad-at-liderman-4436723796,Nuevo Aeropuerto  12 Hrs rotativo /Callao / 100 Agentes de Seguridad,,scraped,2026-07-07T03:12:02.303210,
f21bf546e8aeae6f,https://pe.linkedin.com/jobs/view/sin-experiencia%21-ingreso-inmediato%21-anfitri%C3%B3n-a-de-estacionamiento-para-cc-el-polo-surco-at-apparka-4436344448,Sin experiencia!  Ingreso inmediato! Anfitrión(a) de Estacionamiento para CC. El Polo Surco,apparka,posted,2026-07-07T03:12:23.179831,171
c36ead24e978ef08,https://pe.linkedin.com/jobs/view/education-research-and-innovation-experts-at-ntu-international-a-s-4437404343,"Education, Research and Innovation Experts",,scraped,2026-07-07T03:12:25.830403,
52408abd576e8f98,https://pe.linkedin.com/jobs/view/%C2%A1rotativo-turno-tarde%21-la-rambla-brasil-anfitri%C3%B3n-de-estacionamiento-at-apparka-4437186355,¡Rotativo turno tarde! La Rambla Brasil / Anfitrión de estacionamiento,apparka,posted,2026-07-07T03:12:48.162715,173
b0b4e7a88a9a42fa,https://pe.linkedin.com/jobs/view/urgente%21-5-auxiliares-de-limpieza-de-fabrica-nestl%C3%A9-turno-tarde-1pm-a-10pm-av-venezuela-at-sodexo-4436742037,Urgente! 5 Auxiliares de Limpieza de Fabrica Nestlé / turno tarde 1pm a 10pm Av Venezuela,,scraped,2026-07-07T03:12:50.754038,
e38de653a4244438,https://pe.linkedin.com/jobs/view/colaborador-multifuncional-ate-at-dinet-operador-log%C3%ADstico-4436335715,Colaborador Multifuncional / Ate,,scraped,2026-07-07T03:12:57.430021,
c3ccf2c7af97b017,https://pe.linkedin.com/jobs/view/maquinista-prensa-at-papelera-del-peru-4436965834,Maquinista Prensa,Papelera del Peru,posted,2026-07-07T03:13:25.530160,175
fb2052779381418f,https://pe.linkedin.com/jobs/view/oportunidad-laboral-ayudante-de-tejedur%C3%ADa-textiles-at-topitop-4435121116,Oportunidad Laboral: Ayudante de Tejeduría Textiles,,scraped,2026-07-07T03:13:28.374049,
ed1d05ba27988d49,https://pe.linkedin.com/jobs/view/trabaja-de-6am-a-3pm-lunes-a-viernes-ventas-espa%C3%B1a-s-1400-at-geatel-telecom-4435248506,Trabaja de 6am a 3pm Lunes a Viernes Ventas España S/1400,Geatel Telecom,posted,2026-07-07T03:13:54.482172,177
0b5bac946916c6b5,https://pe.linkedin.com/jobs/view/auxiliar-de-operador-de-apilador-el%C3%A9ctrico-at-almacenes-fr%C3%ADonarval-4436952418,Auxiliar de operador de Apilador Eléctrico,,scraped,2026-07-07T03:13:56.991670,
a6f62b086eb474a7,https://pe.linkedin.com/jobs/view/auxiliares-de-reparto-repartidores-sin-experiencia-chorrillos-at-huevos-la-calera-4436926061,"Auxiliares de reparto, repartidores sin experiencia/ Chorrillos",,scraped,2026-07-07T03:14:03.977029,
0adbd7e4423d6337,https://pe.linkedin.com/jobs/view/asesor-de-atenci%C3%B3n-al-cliente-turno-tarde-sueldo-1200-%2B-bon-%2B-comis-solo-llamadas-entrantes-at-grupo-recupera-4436348140,Asesor de Atención al Cliente / Turno Tarde / Sueldo 1200 + Bon. + Comis. / Solo Llamadas Entrantes,Grupo Recupera,posted,2026-07-07T03:14:54.899691,179
8631c0772d3a5a7d,https://pe.linkedin.com/jobs/view/urgente%21-montacarguista-para-nuestras-sede-en-los-olivos-at-molitalia-s-a-4436145820,Urgente! Montacarguista para nuestras sede en Los Olivos,,scraped,2026-07-07T03:14:57.554428,
7a6151a6276d6769,https://pe.linkedin.com/jobs/view/mozos-cajeros-full-time-para-restaurante-jes%C3%BAs-maria-at-isushi-per%C3%BA-4436155134,Mozos/Cajeros Full Time para restaurante Jesús Maria,ISUSHI PERÚ,posted,2026-07-07T03:15:25.811032,181
7340c592c305bee5,https://pe.linkedin.com/jobs/view/se-solicita-personal-de-limpieza-para-casino-sede-huacho-at-gladcon-group-4436344433,Se Solicita  Personal de Limpieza  Para Casino Sede Huacho,GLADCON GROUP,posted,2026-07-07T03:15:36.672087,183
19aebf1795f6de63,https://pe.linkedin.com/jobs/view/content-creator-at-sanbarber-per%C3%BA-4435818714,CONTENT CREATOR,,scraped,2026-07-07T03:15:39.234862,
80b98247e0e0c4db,https://pe.linkedin.com/jobs/view/urgente-se-necesita-cajero-chincha-volante-at-grupo-efe-4437713212,Urgente se necesita Cajero / Chincha / Volante,,scraped,2026-07-07T03:15:46.763766,
b132e6f07cdb24d1,https://pe.linkedin.com/jobs/view/profesionales-sin-experiencia-at-michigan-english-center-4433730049,Profesionales sin experiencia,,scraped,2026-07-07T03:15:55.177867,
0d3a6425865c2e26,https://pe.linkedin.com/jobs/view/visual-merchandising-junior-gamarra-o-villa-el-salvador-at-hotbins-per%C3%BA-4436342489,Visual Merchandising Junior Gamarra o Villa el salvador,,scraped,2026-07-07T03:16:01.756900,
e4199fc885f415fc,https://pe.linkedin.com/jobs/view/qc-associate-iii-at-ups-4426999879,QC Associate III,UPS,posted,2026-07-07T03:16:15.762761,185
e1e9b60f20d282f2,https://pe.linkedin.com/jobs/view/coordinador-a-oym-cajamarca-at-entel-per%C3%BA-4418416132,Coordinador/a OyM Cajamarca,,scraped,2026-07-07T03:16:18.493911,
54d567fe7d3a4bec,https://pe.linkedin.com/jobs/view/%C2%A1turno-3pm-a-11pm%21-mall-molina-raul-ferrero-busca-personal-de-anfitrion-a-de-estacionamiento-at-apparka-4436731580,¡Turno 3pm a 11pm! Mall Molina (Raul Ferrero) busca personal de  Anfitrion/a de estacionamiento,apparka,posted,2026-07-07T03:16:40.228281,187
b95af9deef55c374,https://pe.linkedin.com/jobs/view/operario-de-limpieza-ingreso-inmediato-planilla-at-montalvo-sal%C3%B3n-spa-4436736318,Operario de Limpieza / Ingreso Inmediato / Planilla,Montalvo Salón & Spa,posted,2026-07-07T03:16:50.558191,189
42617a9913256bfd,https://pe.linkedin.com/jobs/view/%C2%A1%C3%BAnete-a-people-at-core-como-setter-comercial%21-at-people-at-core-per%C3%BA-4436740881,¡ÚNETE A PEOPLE AT CORE COMO SETTER COMERCIAL!,People at core Perú,posted,2026-07-07T03:17:01.203933,191
b88f8e44904d942e,https://pe.linkedin.com/jobs/view/ayudante-de-patio-transporte-de-carga-pesada-at-hagemsa-project-oficial-4436466058,Ayudante de Patio Transporte de Carga Pesada,Hagemsa Project (Oficial),posted,2026-07-07T03:17:17.638902,193
32338b8789baf330,https://pe.linkedin.com/jobs/view/asistente-de-log%C3%ADstica-at-corporaci%C3%B3n-arion-4436947608,Asistente de Logística,Corporación Arion,posted,2026-07-07T03:17:28.322982,195
68af4af5dafaeb23,https://pe.linkedin.com/jobs/view/asistente-administrativo-at-brasil-card-institui%C3%A7%C3%A3o-de-pagamentos-ltda-4436291058,Asistente administrativo,BRASIL CARD INSTITUIÇÃO DE PAGAMENTOS LTDA,posted,2026-07-07T03:17:40.936214,197
ccb4f187d322df64,https://pe.linkedin.com/jobs/view/auxiliar-de-facturaci%C3%B3n-at-innova-schools-4436944653,Auxiliar de facturación,,scraped,2026-07-07T03:17:43.614571,
7ab640e633a5d70f,https://pe.linkedin.com/jobs/view/administrative-assistant-at-easygo-4420431815,Administrative Assistant,,scraped,2026-07-07T03:17:50.570364,
d5565f0d2add08a0,https://pe.linkedin.com/jobs/view/operario-de-limpieza-at-medcam-salud-ocupacional-4435377041,Operario de Limpieza,Medcam Salud Ocupacional,posted,2026-07-07T03:18:06.014789,199
8e47b8361c24b85d,https://pe.linkedin.com/jobs/view/jefe-de-efectividad-promocional-at-gloria-4437440715,Jefe de Efectividad Promocional,Gloria,posted,2026-07-07T03:18:18.087406,201
1b954cfc10c92180,https://pe.linkedin.com/jobs/view/docentes-de-administraci%C3%B3n-seguridad-y-prevenci%C3%B3n-de-riesgos-at-senati-4436339629,"Docentes de Administración, Seguridad y Prevención de Riesgos",SENATI,posted,2026-07-07T03:18:28.635378,203
a8aa6fb9cb61384c,https://pe.linkedin.com/jobs/view/auxiliar-de-almacen-y-reparto-convocatoria-masiva-el-lunes-06-de-julio-at-iqfarma-4436958085,Auxiliar de Almacen y Reparto Convocatoria Masiva el  Lunes 06 de Julio,,scraped,2026-07-07T03:18:31.169011,
8e6b42a153f49f2d,https://pe.linkedin.com/jobs/view/atenci%C3%B3n-al-cliente-part-time-multifuncional-real-plaza-centro-civico-%C2%A1%C2%A1campa%C3%B1a%21%21-at-otto-grill-4436466055,Atención al cliente PART TIME multifuncional/ Real Plaza Centro Civico  ¡¡Campaña!!,Otto Grill,posted,2026-07-07T03:18:47.126046,205
97666329f7f745ca,https://pe.linkedin.com/jobs/view/asesor-a-de-atenci%C3%B3n-al-cliente-ventas-surquillo-at-rosatel-y-mr-sushi-grupo-grameco-4436154141,Asesor/a de atención al cliente/Ventas/Surquillo,,scraped,2026-07-07T03:18:49.749168,
2d5b86786d649942,https://pe.linkedin.com/jobs/view/global-governance-and-security-experts-at-ntu-international-a-s-4437404548,Global Governance and Security Experts,,scraped,2026-07-07T03:18:56.995037,
fea026b711b0d6b1,https://pe.linkedin.com/jobs/view/batch-release-at-kyndryl-4435264614,Batch / Release,,scraped,2026-07-07T03:19:04.332000,
bc77935a74e2deae,https://pe.linkedin.com/jobs/view/prevencionista-at-elecnor-group-4425939233,Prevencionista,,scraped,2026-07-07T03:19:22.352258,
b34293b56f4a9dd9,https://pe.linkedin.com/jobs/view/chofer-de-reparto-planta-de-alimentos-villa-el-salvador-at-grupo-edo-4435802627,Chofer de Reparto Planta de Alimentos / Villa El Salvador,Grupo EDO,posted,2026-07-07T03:19:40.022822,207
f8f33a10114c4a1f,https://pe.linkedin.com/jobs/view/urgente%21-agente-de-seguridad-12hrs-rotativo-o-full-d%C3%ADa-santa-anita-at-boxer-security-4436144742,Urgente! Agente de seguridad 12hrs rotativo o full día/ Santa Anita,Boxer Security,posted,2026-07-07T03:20:14.658542,209
27366b338ea5022c,https://pe.linkedin.com/jobs/view/coordinador-senior-de-reclutamiento-y-fidelizaci%C3%B3n-at-agricola-cerro-prieto-s-a-p%C3%A1gina-oficial-4436377587,Coordinador Senior de Reclutamiento y Fidelización,,scraped,2026-07-07T03:20:17.077372,
504191eb8ba81725,https://pe.linkedin.com/jobs/view/motorizado-at-construredes-s-a-c-p%C3%A1gina-oficial-4436332808,Motorizado,CONSTRUREDES S.A.C (Página Oficial),posted,2026-07-07T03:20:31.478916,211
90504f3c1c3509da,https://pe.linkedin.com/jobs/view/agente-de-seguridad-para-mina-trujillo-20x10-at-k2-seguridad-y-resguardo-4436986017,Agente de seguridad Para Mina Trujillo 20x10,,scraped,2026-07-07T03:20:33.991385,
df2de57bbdb2dbc2,https://pe.linkedin.com/jobs/view/ayudante-de-operador-de-bomba-at-unicon-profesionales-en-concreto-4436941781,Ayudante de Operador de Bomba,,scraped,2026-07-07T03:20:41.078914,
aea47dda02942c5f,https://pe.linkedin.com/jobs/view/sales-development-representative-at-wing-assistant-4433756627,Sales Development Representative,,scraped,2026-07-07T03:20:48.138324,
6d9a7bd401493a61,https://pe.linkedin.com/jobs/view/ayudante-de-almac%C3%A9n-carga-y-descarga-piura-at-metalmark-4435379025,Ayudante de Almacén / Carga y Descarga  Piura,,scraped,2026-07-07T03:20:55.360459,
d5ede18cecea7880,https://pe.linkedin.com/jobs/view/ayudante-gesti%C3%B3n-de-residuos-y-limpieza-de-sanitarios-proyecto-minero-chincha-alta-at-ambipar-4435371138,Ayudante / gestión de residuos y limpieza de sanitarios / Proyecto minero / Chincha alta,,scraped,2026-07-07T03:21:06.296304,
896a6d7ae5ad86af,https://pe.linkedin.com/jobs/view/agente-de-seguridad-8-horas-trujillo-at-garc-asesor%C3%ADa-empresarial-4436458372,Agente de Seguridad 8 horas Trujillo,,scraped,2026-07-07T03:21:13.129751,
623f3e0323113767,https://pe.linkedin.com/jobs/view/l%C3%ADder-operaciones-bravova-san-juan-at-supermercados-bravo-4436241123,Líder Operaciones Bravova - San Juan,,scraped,2026-07-07T03:21:21.633244,
b119ac5ad5f208d6,https://pe.linkedin.com/jobs/view/limpieza-full-time-con-o-sin-experiencia-la-le%C3%B1a-risso-en-lince-at-adv%C3%ADncula-holding-4436148526,Limpieza Full Time Con o sin experiencia / La Leña Risso en Lince,Advíncula Holding,posted,2026-07-07T03:21:36.882186,213
d62c8afbc4104e42,https://pe.linkedin.com/jobs/view/data-steward%09%09%09%09-at-banco-de-cr%C3%A9dito-bcp-4435848316,DATA STEWARD,,scraped,2026-07-07T03:21:39.577259,
da275b6f09bc48ed,https://pe.linkedin.com/jobs/view/asistente-de-reclutamiento-campo-arequipa-freelance-at-expansion-4436736364,Asistente de Reclutamiento campo Arequipa /Freelance,Expansion,posted,2026-07-07T03:21:55.679391,215
f848612af95a3aa9,https://pe.linkedin.com/jobs/view/agente-de-seguridad-en-lima-sur-at-servisegur-per%C3%BA-4436907853,Agente de Seguridad en Lima Sur,,scraped,2026-07-07T03:21:58.421490,
db0da6a3bbfedaa0,https://pe.linkedin.com/jobs/view/promotor-de-venta-especializado-en-telefon%C3%ADa-cajamarca-at-grupo-efe-4436941762,Promotor de Venta especializado en telefonía Cajamarca,,scraped,2026-07-07T03:22:06.435803,
bb11119591c2e781,https://pe.linkedin.com/jobs/view/product-development-analyst-at-better-commerce-4433982883,Product Development Analyst,Better Commerce,posted,2026-07-07T03:22:26.472140,217
bf3b852ea012002a,https://pe.linkedin.com/jobs/view/analista-de-selecci%C3%B3n-biling%C3%BCe-at-concentrix-4437483895,Analista de Selección Bilingüe,,scraped,2026-07-07T03:22:29.238367,
f505c3059d3b620e,https://pe.linkedin.com/jobs/view/asistente-comercial-at-cv-covesa-4436335772,Asistente comercial,,scraped,2026-07-07T03:22:42.579995,
488e98cc9b6ea02c,https://pe.linkedin.com/jobs/view/cajero-a-%E2%80%93-lima-metropolitana-zona-este-per%C3%BA-at-western-union-4434605647,"Cajero (a) – Lima Metropolitana (Zona Este), Perú",Western Union,posted,2026-07-07T03:23:01.441456,219
de3e990609b831b0,https://pe.linkedin.com/jobs/view/auxiliar-de-lavado-sin-experiencia-con-brevete-a1-callao-at-vendom%C3%A1tica-per%C3%BA-4437715119,Auxiliar de Lavado sin experiencia con brevete A1/ Callao,,scraped,2026-07-07T03:23:04.055268,
c74b52adbd9520cc,https://pe.linkedin.com/jobs/view/asistente-de-almac%C3%A9n-trujillo-at-los-portales-4436903959,Asistente de Almacén / Trujillo,,scraped,2026-07-07T03:23:10.882931,
c7357168f045cd41,https://pe.linkedin.com/jobs/view/%C2%A1buscamos-talento-a-nivel-nacional-para-trabajar-en-lima%21-at-continental-standford-4435365353,¡Buscamos talento a nivel nacional para trabajar en Lima!,,scraped,2026-07-07T03:23:17.592488,
e923f6bbc32f525a,https://pe.linkedin.com/jobs/view/asistente-de-almac%C3%A9n-de-repuestos-at-segurindustria-per%C3%BA-4436919164,Asistente de almacén de repuestos,,scraped,2026-07-07T03:23:24.896386,
95be0854f0c5a423,https://pe.linkedin.com/jobs/view/operador-ptar-at-veolia%C2%A0per%C3%BA-4435358866,Operador PTAR,,scraped,2026-07-07T03:23:32.100012,
cdacd7e6ba194641,https://pe.linkedin.com/jobs/view/promotor-de-venta-at-hotbins-per%C3%BA-4435807168,Promotor de venta,,scraped,2026-07-07T03:23:39.779036,
1c8c4e8ed2f416ae,https://pe.linkedin.com/jobs/view/mercaderista-o-reponedor-para-supermercados-en-surco-ingresos-hasta-s-1500-%2B-planilla-completa-at-visual-impact-4437703377,Mercaderista o reponedor para Supermercados en Surco (Ingresos hasta s/1500 + planilla completa),Visual Impact,posted,2026-07-07T03:24:22.056045,221
46a8b9dccb317889,https://pe.linkedin.com/jobs/view/auxiliar-de-almacen-at-grupo-suiza-lab-4437497939,Auxiliar de Almacen,,scraped,2026-07-07T03:24:24.790503,
5b57b7e4c103eceb,https://pe.linkedin.com/jobs/view/coordinador-de-ventas-at-cartavio-rum-company-s-a-c-4436945568,Coordinador de Ventas,,scraped,2026-07-07T03:24:32.253243,
201008e940ec513d,https://pe.linkedin.com/jobs/view/urgente-50-operarios-de-producci%C3%B3n-sede-ate-at-pevisa-gaskets-4436341527,Urgente 50 Operarios de Producción / Sede Ate,,scraped,2026-07-07T03:24:40.599753,
b1df3630a3c4cc02,https://pe.linkedin.com/jobs/view/auxiliar-de-almac%C3%A9n-cercado-de-lima-at-promelsa-4436158025,Auxiliar de Almacén / Cercado de Lima,,scraped,2026-07-07T03:24:48.002453,
3504511ee5b3bf19,https://pe.linkedin.com/jobs/view/analista-de-reclutamiento-y-selecci%C3%B3n-at-enelya-medicina-est%C3%A9tica-4436735482,Analista de Reclutamiento y Selección,,scraped,2026-07-07T03:24:54.718022,
4f33a550a0567d18,https://pe.linkedin.com/jobs/view/asistente-de-contabilidad-at-capital-management-partners-cmp-4436910537,Asistente de Contabilidad,,scraped,2026-07-07T03:25:00.982634,
e1aa01e8d8cdbcff,https://pe.linkedin.com/jobs/view/jefe-de-produccion-at-cbc-per%C3%BA-4436361636,JEFE DE PRODUCCION,cbc Perú,posted,2026-07-07T03:25:19.003079,223
0ac9045871956820,https://pe.linkedin.com/jobs/view/conductor-chofer-de-furg%C3%B3n-at-check-point-smart-technology-4436910548,Conductor / Chofer de Furgón,,scraped,2026-07-07T03:25:21.624316,
c001fdd65dfe017f,https://pe.linkedin.com/jobs/view/se%C3%B1orita-asistente-de-recursos-humanos-at-laboratorio-gencopharmaceutical-4436729690,Señorita Asistente de Recursos Humanos,,scraped,2026-07-07T03:25:28.775296,
187d00f09d834386,https://pe.linkedin.com/jobs/view/asesor-en-atenci%C3%B3n-al-cliente-postpago-s-1-600-a-m%C3%A1s-sueldo-fijo-bonos-at-gea-per%C3%BA-4436912539,"Asesor en Atención al Cliente PostPago /  S/ 1,600 a más  / Sueldo fijo / Bonos",GEA Perú,posted,2026-07-07T03:26:49.495667,225
0a41018479f674ac,https://pe.linkedin.com/jobs/view/associate-construction-specialist-at-hitachi-rail-4425310653,Associate Construction Specialist,,scraped,2026-07-07T03:26:52.178693,
f4ca4b504e2c338f,https://pe.linkedin.com/jobs/view/auxiliar-general-limpieza-con-o-sin-experiencia-at-blue-fokus-4436722833,Auxiliar General / Limpieza con o sin experiencia,Blue Fokus,posted,2026-07-07T03:27:09.407356,227
da07d813b2ace0fe,https://pe.linkedin.com/jobs/view/almacenero-de-obra-con-experiencia-en-perforaci%C3%B3n-diamantina-at-remicsa-drilling-s-a-redrilsa-oficial-4436339657,Almacenero de Obra con experiencia en Perforación Diamantina,,scraped,2026-07-07T03:27:11.960681,
badc7b6416653412,https://pe.linkedin.com/jobs/view/asistente-de-recursos-acad%C3%A9micos-virtuales-huancayo-at-universidad-continental-4436152134,Asistente de Recursos Académicos Virtuales ( Huancayo),Universidad Continental,posted,2026-07-07T03:27:30.178107,229
133069e8da8e25ea,https://pe.linkedin.com/jobs/view/auxiliar-control-de-producci%C3%B3n-at-creditex-s-a-a-4436335717,Auxiliar Control de Producción,,scraped,2026-07-07T03:27:32.683069,
b910ff9d769c4f34,https://pe.linkedin.com/jobs/view/asesor-de-negocios-i-fondo-tambo-ayacucho-at-agrobanco-4436152184,"Asesor de Negocios I Fondo (Tambo, Ayacucho)",,scraped,2026-07-07T03:27:41.239868,
451a6b9fcd754bc2,https://pe.linkedin.com/jobs/view/entel-migraciones-trabaja-desde-tu-casa-planilla-completa-at-netcall-group-4435591936,Entel Migraciones / Trabaja desde tu casa / Planilla Completa,,scraped,2026-07-07T03:27:48.484107,
d437db16c405825e,https://pe.linkedin.com/jobs/view/adobe-workfront-developer-work-from-home-talent-connection-at-nortal-4436259308,Adobe Workfront Developer - Work from home - Talent Connection,,scraped,2026-07-07T03:27:57.625070,
10886d18a9956281,https://pe.linkedin.com/jobs/view/agentes-de-seguridad-casinos-en-la-marina-8-horas-1380-at-newport-capital-4436729683,Agentes de seguridad/ Casinos en la Marina /8 horas /1380,Newport Capital,posted,2026-07-07T03:28:13.656082,231
92be365beac6cd3b,https://pe.linkedin.com/jobs/view/mozo-a-biling%C3%BCe-at-retail-services-4436942642,Mozo/a Bilingüe,,scraped,2026-07-07T03:28:16.219670,
a044510cbdeeddc9,https://pe.linkedin.com/jobs/view/agentes-de-seguridad-chorrillos-horarios-rotativos-12-horas-ingreso-a-planilla-at-grupo-blindado-per%C3%BA-4435596719,Agentes de Seguridad / Chorrillos / Horarios rotativos / 12 horas / Ingreso a Planilla,GRUPO BLINDADO PERÚ,posted,2026-07-07T03:28:38.651277,233
555a94d69c20d3ef,https://pe.linkedin.com/jobs/view/mercaderista-at-soprin-sac-4436339622,Mercaderista,,scraped,2026-07-07T03:28:41.318977,
6147041a17786296,https://pe.linkedin.com/jobs/view/chofer-de-reparto-a1-con-experiencia-planilla-completa-san-luis-at-pastipan-4436460296,Chofer de Reparto A1 con experiencia   / Planilla Completa / San Luis,,scraped,2026-07-07T03:28:50.566596,
c47de01356c3b551,https://pe.linkedin.com/jobs/view/ayudante-de-produccion-at-tejidos-jorgito-4436152135,Ayudante de Produccion,Tejidos Jorgito,posted,2026-07-07T03:29:23.893729,235
b315822b50723e3a,https://pe.linkedin.com/jobs/view/chofer-repartidor-at-agua-akani-4435848169,CHOFER REPARTIDOR,,scraped,2026-07-07T03:29:26.489886,
a6836b822446eeef,https://pe.linkedin.com/jobs/view/se%C3%B1orita-para-atenci%C3%B3n-centro-de-copias-at-proyectos-alfepv-4435587538,Señorita para Atención Centro de Copias,Proyectos ALFEPV,posted,2026-07-07T03:29:45.410097,237
1926cdd1038de3ac,https://pe.linkedin.com/jobs/view/ingreso-inmediato-personal-de-limpieza-para-bancos-la-molina-turno-ma%C3%B1ana-at-sodexo-4436147670,Ingreso Inmediato / Personal de limpieza para bancos  / La Molina / turno mañana,,scraped,2026-07-07T03:29:48.077485,
d61425808e4165dd,https://pe.linkedin.com/jobs/view/%C2%A1ingreso-directo%21-mall-molina-busca-personal-para-anfitrion-a-de-estacionamiento-planilla-completo-at-apparka-4437101479,¡Ingreso directo! Mall Molina busca personal para Anfitrion/a de estacionamiento/ Planilla completo,apparka,posted,2026-07-07T03:30:10.655720,239
85abf4f8262addc2,https://pe.linkedin.com/jobs/view/auxiliar-de-limpieza-cercado-de-lima-at-sodexo-4437713187,Auxiliar de limpieza /  Cercado de Lima,,scraped,2026-07-07T03:30:13.517265,
99ce1a33483850b0,https://pe.linkedin.com/jobs/view/%C2%A1trabaja-en-vivanda-pezet%21-anfitri%C3%B3n-cajero-de-estacionamiento-turno-tarde-fijo-at-apparka-4436729655,¡Trabaja en Vivanda Pezet! / Anfitrión cajero de estacionamiento/ Turno tarde fijo,apparka,posted,2026-07-07T03:30:34.627311,241
ffd7454047cd250b,https://pe.linkedin.com/jobs/view/ayudante-de-cocina-para-san-juan-de-lurigancho-topitop-planilla-completa-at-sodexo-4437191241,Ayudante de cocina para San juan de lurigancho / Topitop / Planilla completa,,scraped,2026-07-07T03:30:37.176923,
4a19fbef2ed20269,https://pe.linkedin.com/jobs/view/ingreso-inmediato%21-sin-experiencia%21-anfitrion-a-de-estacionamiento-para-plaza-vea-higuereta-at-apparka-4436742030,Ingreso inmediato! Sin experiencia! Anfitrion(a) de estacionamiento para Plaza vea Higuereta,apparka,posted,2026-07-07T03:30:57.089600,243
dc00874a88e09304,https://pe.linkedin.com/jobs/view/auxiliar-de-almac%C3%A9n-la-curacao-yurimaguas-pcd-at-grupo-efe-4436980261,Auxiliar de almacén / La Curacao / Yurimaguas (PCD),,scraped,2026-07-07T03:30:59.492686,
7d6a89bd6df29110,https://pe.linkedin.com/jobs/view/falabella-preventor-a-de-p%C3%A9rdidas-full-time-tienda-de-salaverry-at-grupo-falabella-4436733484,Falabella / Preventor/a de pérdidas / Full Time / Tienda de Salaverry,Grupo Falabella,posted,2026-07-07T03:31:14.562185,245
267e4e3c027412ed,https://pe.linkedin.com/jobs/view/mozo-para-campamento-minero-en-ayacucho-planilla-completa-%2B-alimentaci%C3%B3n-arequipa-cusco-y-lima-at-sodexo-4436446796,"Mozo para Campamento Minero en Ayacucho/Planilla Completa + Alimentación/ Arequipa, Cusco y Lima",,scraped,2026-07-07T03:31:17.126141,
bba2d0d1b009d875,https://pe.linkedin.com/jobs/view/descansa-s%C3%A1bados-o-domingos-auxiliar-general-con-o-sin-exp-pagos-quincenales-at-sodexo-4436145748,Descansa Sábados o Domingos / Auxiliar General / Con o sin Exp. / Pagos Quincenales /,,scraped,2026-07-07T03:31:23.812027,
b15022b2e7496157,https://pe.linkedin.com/jobs/view/%C2%A1trabaja-por-campa%C3%B1a%21-plaza-san-miguel-anfitri%C3%B3n-multifuncional-at-apparka-4436734457,¡Trabaja por campaña! Plaza San Miguel /Anfitrión Multifuncional,apparka,posted,2026-07-07T03:31:46.113233,247
7b0938a806e3a667,https://pe.linkedin.com/jobs/view/%C2%A1sin-experiencia%21-trabaja-cerca-de-plaza-vea-la-victoria-de-3pm-a-11pm-anfitri%C3%B3n-a-multifuncional-at-apparka-4437712213,¡Sin experiencia! Trabaja cerca de Plaza vea la Victoria de 3pm a 11pm/Anfitrión(a) Multifuncional,apparka,posted,2026-07-07T03:32:02.593519,249
f34f6f2f9465532d,https://pe.linkedin.com/jobs/view/asistente-de-tareo-san-borja-at-sodexo-4436337724,Asistente de Tareo / San Borja,,scraped,2026-07-07T03:32:05.300071,
b6962b30f90062bc,https://pe.linkedin.com/jobs/view/buscamos-almacenero-para-arequipa-%E2%80%93-ingreso-a-planilla-%2B-movilidad-at-grupo-lucky-4437495958,Buscamos Almacenero para Arequipa – Ingreso a Planilla + Movilidad,Grupo Lucky,posted,2026-07-07T03:33:27.771485,251
7e29aef6886c2aa3,https://pe.linkedin.com/jobs/view/zona-este-impulsadoras-degustadora-s-90-por-dia-fines-de-semana-autoservicios-at-grupo-lucky-4436151323,Zona este Impulsadoras/Degustadora  S/.90 por dia / Fines de semana/Autoservicios,Grupo Lucky,posted,2026-07-07T03:33:42.311852,253
e07635e88d9adaac,https://pe.linkedin.com/jobs/view/trabaja-en-wong-balta-como-anfitri%C3%B3n-a-de-estacionamiento-turno-fijo-2-30pm-a-10-30pm-at-apparka-4436728705,Trabaja en Wong Balta como Anfitrión(a) de Estacionamiento/ Turno fijo 2:30pm a 10:30pm,apparka,posted,2026-07-07T03:33:59.681539,255
2f38e4c9a9da4c9a,https://pe.linkedin.com/jobs/view/trabaja-en-wong-balta-como-anfitri%C3%B3n-a-de-estacionamiento-turno-fijo-2-30pm-a-10-30pm-at-apparka-4436346152,Trabaja en Wong Balta como Anfitrión(a) de Estacionamiento/ Turno fijo 2:30pm a 10:30pm,apparka,scraped,2026-07-07T03:34:11.381696,
a7babfaa812e0d35,https://pe.linkedin.com/jobs/view/tech-lead-sanity-cms-remote-latin-america-at-fullstack-4427104666,Tech Lead (Sanity CMS) - Remote - Latin America,,scraped,2026-07-07T03:34:14.014698,
8dea9c69c8f50728,https://pe.linkedin.com/jobs/view/falabella-preventor-a-de-p%C3%A9rdidas-full-time-tienda-de-jockey-plaza-at-grupo-falabella-4436729640,Falabella / Preventor/a de pérdidas / Full Time / Tienda de Jockey Plaza,Grupo Falabella,posted,2026-07-07T03:34:34.842753,257
952a22b88a97ea08,https://pe.linkedin.com/jobs/view/%C2%A1inicia-ma%C3%B1ana%21-%C2%A1capa-solo-5d%C3%ADas-asesor-de-ventas-portabilidad%21-%C2%A1turno-solo-ma%C3%B1ana%21-at-abai-per%C3%BA-4437709274,¡inicia mañana! ¡capa solo 5días/Asesor de ventas Portabilidad! ¡Turno solo mañana!,,scraped,2026-07-07T03:34:37.508747,
5478e2b5fe5ea1af,https://pe.linkedin.com/jobs/view/trabaja-en-jose-pardo-miraflores-anfitri%C3%B3n-a-de-estacionamiento-turno-3pm-a-11pm-at-apparka-4436721845,Trabaja en Jose Pardo Miraflores/ Anfitrión(a) de estacionamiento / Turno 3pm a 11pm,apparka,posted,2026-07-07T03:34:57.845056,259
c2c0b18442e105ba,https://pe.linkedin.com/jobs/view/auxiliar-de-limpieza-lima-planilla-%2B-bono-at-sodexo-4436458366,Auxiliar de Limpieza / Lima / Planilla + Bono,,scraped,2026-07-07T03:35:00.424587,
84b743cc2f4ddd77,https://pe.linkedin.com/jobs/view/back-office-call-center-c-experiencia-para-chorrillos-at-abai-per%C3%BA-4436742024,Back office call center c/experiencia para Chorrillos,,scraped,2026-07-07T03:35:06.935715,
ea05eb19f8f7064b,https://pe.linkedin.com/jobs/view/cajero-a-en-yurimaguas-planilla-completa-%2B-comisiones-grupo-carsa-pcd-at-grupo-carsa-4436336790,Cajero(a) en Yurimaguas/ Planilla Completa + Comisiones / Grupo Carsa (PCD),Grupo Carsa,posted,2026-07-07T03:35:23.709887,261
62172c68784ea686,https://pe.linkedin.com/jobs/view/operarios-as-de-producci%C3%B3n-san-luis-at-pastipan-4436331796,Operarios(as) de Producción/ San Luis,,scraped,2026-07-07T03:35:26.338919,
9b0228586c99c15d,https://pe.linkedin.com/jobs/view/auxiliar-de-almac%C3%A9n-la-curacao-pucallpa-at-grupo-efe-4436148509,Auxiliar de almacén / La Curacao / Pucallpa,,scraped,2026-07-07T03:36:45.193770,
99dae616b877c1ae,https://pe.linkedin.com/jobs/view/ayudante-de-bar-at-la-bistecca-4436950533,Ayudante de Bar,,scraped,2026-07-07T03:36:52.700823,
4d29ad3ea492eca2,https://pe.linkedin.com/jobs/view/mercaderista-de-ruta-para-supermercados-pvea-mercaderes-wong-monterrico-ingreso-s-1500-at-visual-impact-4436906873,Mercaderista de ruta para supermercados // Pvea Mercaderes // Wong Monterrico (Ingreso s/1500),Visual Impact,posted,2026-07-07T03:37:34.024481,263
74162f7123cc55cc,https://pe.linkedin.com/jobs/view/auxiliar-de-limpieza-servicio-de-aguas-minera-chinalco-jun%C3%ADn-at-resiter-per%C3%BA-4436968767,Auxiliar de limpieza / Servicio de Aguas / Minera Chinalco (Junín),,scraped,2026-07-07T03:37:36.476789,
137ae4fb758da130,https://pe.linkedin.com/jobs/view/tech-lead-sanity-cms-remote-latin-america-at-fullstack-4427094798,Tech Lead (Sanity CMS) - Remote - Latin America,FullStack,posted,2026-07-07T03:37:50.449925,265
c9e7cc408b912804,https://pe.linkedin.com/jobs/view/digital-planner-sr-at-revenue%E2%84%A2-agencia-de-growth-marketing-4432720390,Digital Planner sr,,scraped,2026-07-07T03:37:53.373029,
eef35ea7bafbf1df,https://pe.linkedin.com/jobs/view/liquidador-de-aduanas-importaciones-at-new-transport-s-a-4436157125,Liquidador de Aduanas / Importaciones,New Transport S.A,posted,2026-07-07T03:38:11.048207,267
db1f4480c27a0a94,https://pe.linkedin.com/jobs/view/supervisor-de-medio-ambiente-pcd-at-marinasol-4436907852,Supervisor de Medio Ambiente (PCD),Marinasol,posted,2026-07-07T03:38:27.000329,269
e1a15fc61bcd6dfa,https://pe.linkedin.com/jobs/view/mozo-con-experiencia-en-miner%C3%ADa-para-trujillo-r%C3%A9gimen-20-x-10-at-grupo-hasp-service-4436959060,MOZO con experiencia en Minería para Trujillo. Régimen 20 x 10,Grupo HASP Service,posted,2026-07-07T03:38:38.797455,271
4401da6c2d168d90,https://pe.linkedin.com/jobs/view/soci%C3%B3logo-o-antrop%C3%B3logo-at-socios-en-salud-4436951448,Sociólogo o Antropólogo,,scraped,2026-07-07T03:38:41.507655,
7e312a1386ee04e9,https://pe.linkedin.com/jobs/view/practicante-de-mantenimiento-egresado-en-ingenier%C3%ADa-mecatr%C3%B3nica-mec%C3%A1nica-electricidad-o-afines-at-iqfarma-4435375050,"Practicante de Mantenimiento egresado en ingeniería Mecatrónica, Mecánica, Electricidad o afines",,scraped,2026-07-07T03:38:48.490821,
23c9b2b05d9cc37f,https://pe.linkedin.com/jobs/view/auxiliar-de-limpieza-at-ardicorp-4437701579,Auxiliar de limpieza,,scraped,2026-07-07T03:38:55.805358,
9fa9e833b5dcbe34,https://pe.linkedin.com/jobs/view/mesero-a-at-el-gran-bitute-4435116410,Mesero/a,El Gran Bitute,posted,2026-07-07T03:39:09.911082,273
6273b4db96c3d23b,https://pe.linkedin.com/jobs/view/corredor-a-de-mesero-osaka-at-mck-4436904855,Corredor(a) de Mesero Osaka,MCK,posted,2026-07-07T03:39:20.848415,275
9cd4b45c09db8ced,https://pe.linkedin.com/jobs/view/asistente-selecci%C3%B3n-agencia-de-carga-callao-y-miraflores-at-asa-global-logistic-4436335754,Asistente Selección / Agencia de Carga / Callao y Miraflores,,scraped,2026-07-07T03:39:23.474471,
5d6e86de67e9afd0,https://pe.linkedin.com/jobs/view/especialista-comercial-at-universia-per%C3%BA-4435016326,Especialista Comercial,,scraped,2026-07-07T03:39:30.993015,
576dd3d5d61bcd9d,https://pe.linkedin.com/jobs/view/gerente-de-talento-humano-at-caja-maynas-4435380010,Gerente de Talento Humano,,scraped,2026-07-07T03:39:38.422468,
62f140f32fb96199,https://pe.linkedin.com/jobs/view/atenci%C3%B3n-al-cliente-part-time-full-time-at-beso-franc%C3%A9s-creperia-4436151281,Atención al cliente Part Time// Full Time,,scraped,2026-07-07T03:39:46.591780,
c15705b0246ba7c8,https://pe.linkedin.com/jobs/view/business-development-representative-b2b-at-match-personnel-4436175809,Business Development Representative (B2B),Match Personnel,posted,2026-07-07T03:40:01.115913,277
a68716735b73c448,https://pe.linkedin.com/jobs/view/asesor-de-ventas-trujillo-at-los-portales-4436345324,Asesor de Ventas Trujillo,,scraped,2026-07-07T03:40:03.725017,
d794b27ee02eb72f,https://pe.linkedin.com/jobs/view/director-t%C3%A9cnico-ate-at-boticas-y-salud-4436340592,Director Técnico / Ate,,scraped,2026-07-07T03:40:15.437019,
d004772fb060fb63,https://pe.linkedin.com/jobs/view/promotor-a-c-s-experiencia-rubro-retail-at-hotbins-per%C3%BA-4435366315,Promotor/a C/S Experiencia  Rubro Retail,,scraped,2026-07-07T03:40:22.029085,
02d29785b8a1b310,https://pe.linkedin.com/jobs/view/gestor-de-cobranzas-at-los-portales-4436337680,Gestor de cobranzas,,scraped,2026-07-07T03:40:28.436161,
fa432d61af9926d9,https://pe.linkedin.com/jobs/view/auxiliar-de-servicios-generales-y-mantenimiento-de-infraestructura-at-grupo-peru-alfa-4436738211,Auxiliar de servicios generales y mantenimiento de infraestructura,,scraped,2026-07-07T03:40:34.892101,
699ac8169731fbb4,https://pe.linkedin.com/jobs/view/auxiliar-de-limpieza-de-oficina-at-estudio-jur%C3%ADdico-romero-d-%E2%80%8B-asociados-4436154163,Auxiliar de limpieza de oficina,,scraped,2026-07-07T03:40:43.721897,
65a43a0b30be001f,https://pe.linkedin.com/jobs/view/asesor-a-cobranza-presencial-ayacucho-at-scotiabank-4435287867,Asesor/A Cobranza Presencial - Ayacucho,,scraped,2026-07-07T03:41:54.567469,
e16ad64e658657af,https://pe.linkedin.com/jobs/view/workforce-resource-deployment-analyst-at-encora-inc-4436271673,Workforce & Resource Deployment Analyst,Encora Inc.,posted,2026-07-07T03:42:08.604364,279
673624cdb6072400,https://pe.linkedin.com/jobs/view/especialista-en-acompa%C3%B1amiento-de-inicio-y-retenci%C3%B3n-at-universidad-privada-antenor-orrego-4435371164,Especialista en Acompañamiento de Inicio y Retención,Universidad Privada Antenor Orrego,posted,2026-07-07T03:42:19.443664,281
61232223ab780f2b,https://pe.linkedin.com/jobs/view/operador-telefonico-call-center-at-arellano-consultor%C3%ADa-4435813004,Operador telefonico / Call Center,,scraped,2026-07-07T03:42:22.064682,
3545555710e2111a,https://pe.linkedin.com/jobs/view/auxiliar-limpieza-lurin-turno-ma%C3%B1ana-6-am-a-3-pm-at-corporaci%C3%B3n-reymar-sac-4435370182,Auxiliar Limpieza Lurin // Turno Mañana // 6 am a 3 pm,,scraped,2026-07-07T03:42:28.769832,
125be142fc02cf66,https://pe.linkedin.com/jobs/view/asesor-de-atenci%C3%B3n-al-cliente-capacitaci%C3%B3n-pagada-presencial-surco-postula-hoy-at-gea-per%C3%BA-4436727644,Asesor de Atención al Cliente / Capacitación Pagada / Presencial Surco / Postula Hoy,GEA Perú,posted,2026-07-07T03:42:48.842732,283
ec6caa49c4febf43,https://pe.linkedin.com/jobs/view/analista-de-servicios-generales-at-gildemeister-per%C3%BA-4433106692,Analista de Servicios Generales,Gildemeister Perú,posted,2026-07-07T03:42:59.584341,285
896738478510ba26,https://pe.linkedin.com/jobs/view/t%C3%A9cnico-mantenimiento-hfc-at-cicsa-per%C3%BA-s-a-c-4436958079,Técnico Mantenimiento HFC,Cicsa Perú S.A.C.,posted,2026-07-07T03:43:11.372535,287
7ec1487cb0c114c2,https://pe.linkedin.com/jobs/view/analista-de-cultura-organizacional-y-clima-laboral-at-tcontakto-sac-4436941764,Analista de cultura organizacional y Clima laboral,,scraped,2026-07-07T03:43:13.981457,
7f2206f7d282cff9,https://pe.linkedin.com/jobs/view/caja-prymera-rubro-financiero-analista-de-procesos-miraflores-at-corporaci%C3%B3n-e-wong-4436914386,Caja Prymera / Rubro Financiero / Analista de Procesos / Miraflores,Corporación E. Wong,posted,2026-07-07T03:43:31.200355,289
80f5bc63f3a61d88,https://pe.linkedin.com/jobs/view/trabaja-desde-la-1pm-en-full-o-part-time-asesor-de-masivo-movil-at-abai-per%C3%BA-4436347154,Trabaja desde la 1pm en full o Part time/ Asesor de Masivo Movil,,scraped,2026-07-07T03:43:33.780980,
65802abc0ad9a9e7,https://pe.linkedin.com/jobs/view/asistente-de-control-de-inventarios-y-mermas-at-pastipan-4436452544,Asistente de Control de Inventarios y Mermas,Pastipan,posted,2026-07-07T03:43:49.178748,291
c349be40adf3a3d3,https://www.linkedin.com/jobs/view/9660/,121Broadcast Supervisor Jobs in United States,,failed|wp_post_failed,2026-07-07T03:43:55.892634,
7ac6bfd33168123f,https://pe.linkedin.com/jobs/view/gerente-de-proyecto-perforaci%C3%B3n-diamantina-at-sfp-drilling-sac-4436944665,Gerente de proyecto / Perforación Diamantina,SFP Drilling SAC,posted,2026-07-07T03:44:05.003463,293
e77b89bf5165dc3b,https://pe.linkedin.com/jobs/view/practicante-pre-profesional-mejora-continua-at-komatsu-mitsui-maquinarias-peru-s-a-4437454211,Practicante Pre Profesional Mejora Continua,Komatsu - Mitsui,posted,2026-07-07T03:44:52.520370,295
263a8f13afbdd911,https://pe.linkedin.com/jobs/view/trader-junior-at-santander-4433110568,Trader Junior,,scraped,2026-07-07T03:44:55.161041,
6ee46583db255310,https://pe.linkedin.com/jobs/view/coordinador-de-logistica-at-code-systems-4436741090,Coordinador de logistica,Code Systems,posted,2026-07-07T03:45:11.577459,297
3af6126c3de17f37,https://pe.linkedin.com/jobs/view/t%C3%A9cnico-a-en-enfermeria-at-detecta-cl%C3%ADnica-4435805235,Técnico(a) en enfermeria,Detecta.Clínica,posted,2026-07-07T03:45:24.896652,299
6f68d8e9bad742ab,https://pe.linkedin.com/jobs/view/asistente-de-gesti%C3%B3n-de-personal-villa-el-salvador-at-ransa-4436720871,Asistente de Gestión de personal  (Villa El Salvador),Ransa,posted,2026-07-07T03:45:37.130280,301
67960b9680ca4d27,https://pe.linkedin.com/jobs/view/auxiliar-general-multifuncional-para-ate-planilla-completa-rotativo-con-o-sin-exp-at-sodexo-4437498818,Auxiliar General (Multifuncional) para Ate / Planilla completa / Rotativo / Con o sin exp,,scraped,2026-07-07T03:45:39.620613,
a44e28bdb0546ff4,https://pe.linkedin.com/jobs/view/operador-t%C3%A9cnico-de-reactivaci%C3%B3n-t%C3%A9rmica-sector-minero-at-compa%C3%B1%C3%ADa-minera-sol-de-los-andes-4437120769,Operador Técnico de  Reactivación Térmica / Sector Minero,Compañía Minera Sol de los Andes,posted,2026-07-07T03:45:53.195985,303
581042ed70d6034f,https://pe.linkedin.com/jobs/view/asistente-de-soporte-tecnol%C3%B3gico-o-t%C3%A9cnico-huancayo-at-universidad-continental-4435115619,Asistente de Soporte Tecnológico o Técnico / Huancayo,Universidad Continental,posted,2026-07-07T03:46:03.979716,305
d846ea6ec4fdae04,https://pe.linkedin.com/jobs/view/%C2%A1urgente%21-personal-de-limpieza-at-instituto-arzobispo-loayza-4436740143,¡Urgente! Personal de limpieza,,scraped,2026-07-07T03:46:06.594200,
5450e1e168c80d83,https://pe.linkedin.com/jobs/view/almacenero-at-empresa12-4436051261,Almacenero,Empresa12,posted,2026-07-07T03:46:27.422590,307
05bfd93a8fa5d80d,https://pe.linkedin.com/jobs/view/operador-en-call-center-sin-experiencia-6am-a-3pm-at-geatel-telecom-4435246612,Operador en Call Center - Sin Experiencia 6am a 3pm,Geatel Telecom,posted,2026-07-07T03:46:47.279847,309
453427dea2051935,https://pe.linkedin.com/jobs/view/monitor-de-seguridad-y-salud-en-el-trabajo-at-granja-rinconada-del-sur-s-a-4435103936,Monitor de Seguridad y Salud en el Trabajo,,scraped,2026-07-07T03:46:49.778653,
86820f2e8d8dea76,https://pe.linkedin.com/jobs/view/trabaja-desde-casa%21%21-elige-turno-full-o-part-time-atenci%C3%B3n-y-fidelizaci%C3%B3n-al-cliente-claro-at-gea-per%C3%BA-4436910538,Trabaja desde casa!! / Elige turno Full o Part Time / Atención y Fidelización al cliente Claro,,scraped,2026-07-07T03:46:56.300729,
142a714beb1cda6a,https://pe.linkedin.com/jobs/view/jefe-de-mozos-jefe-de-salon-full-time-para-restaurante-en-surco-at-isushi-per%C3%BA-4436155086,Jefe de mozos / Jefe de Salon Full time para restaurante en Surco,ISUSHI PERÚ,posted,2026-07-07T03:47:14.141436,311
5bcfa73f6a18f4bd,https://pe.linkedin.com/jobs/view/atenci%C3%B3n-al-cliente-at-gea-per%C3%BA-4436997641,Atención al cliente,GEA Perú,posted,2026-07-07T03:47:26.625759,313
6826493972fac0a9,https://pe.linkedin.com/jobs/view/t%C3%A9cnico-de-laboratorio-ingenier%C3%ADa-lima-at-universidad-continental-4435102979,Técnico de laboratorio/ Ingeniería Lima,Universidad Continental,posted,2026-07-07T03:47:38.137461,315
c533ee31a28f8323,https://pe.linkedin.com/jobs/view/supervisor-de-producci%C3%B3n-industrial-at-bater%C3%ADas-enerjet-4436992742,Supervisor de Producción Industrial,,scraped,2026-07-07T03:47:40.733159,
6a43560b3b1679e3,https://pe.linkedin.com/jobs/view/asesor-de-tecnica-movil-full-atenci%C3%B3n-al-cliente-en-averia-at-abai-per%C3%BA-4436162037,Asesor de Tecnica Movil /Full Atención al cliente en averia,,scraped,2026-07-07T03:47:47.838146,
0736e0a9abdb884f,https://pe.linkedin.com/jobs/view/auditor-interno-senior-corporativo-at-alicorp-4437418867,Auditor Interno Senior Corporativo,,scraped,2026-07-07T03:47:55.538784,
f57fc6d8c6c4e443,https://pe.linkedin.com/jobs/view/ejecutivo-senior-de-contabilidad-y-control-interno-at-telef%C3%B3nica-4435476749,Ejecutivo Senior de Contabilidad y Control Interno,,scraped,2026-07-07T03:48:03.980653,
fa761e9aa41695b7,https://pe.linkedin.com/jobs/view/dise%C3%B1ador-audiovisual-content-creator-at-kitchen-center-4436463145,Diseñador Audiovisual / Content Creator,,scraped,2026-07-07T03:48:11.670208,
e3a2f774d7184cea,https://pe.linkedin.com/jobs/view/asesor-de-atenci%C3%B3n-al-cliente-gana-m%C3%A1s-de-s-1500-presencial-surco-ingreso-inmediato-at-gea-per%C3%BA-4436739186,Asesor de Atención al Cliente / Gana más de S/1500 / Presencial Surco / Ingreso Inmediato,GEA Perú,posted,2026-07-07T03:48:27.839158,317
6e57b332fde481d6,https://pe.linkedin.com/jobs/view/asesor-en-redes-sociales-atenci%C3%B3n-via-chat-h%C3%ADbrido-turno-am-at-entelconnect-4436337737,Asesor en Redes Sociales / Atención Via Chat / Híbrido / Turno AM,,scraped,2026-07-07T03:48:30.436791,
5fc8a57b85360e35,https://pe.linkedin.com/jobs/view/docente-tiempo-parcial-derecho-constitucional-cajamarca-at-universidad-privada-del-norte-4437709270,Docente Tiempo Parcial / Derecho Constitucional / Cajamarca,Universidad Privada del Norte,posted,2026-07-07T03:48:45.812754,319
5104bda4febef056,https://pe.linkedin.com/jobs/view/agente-escolta-de-seguridad-femenina-at-liderman-4436913455,Agente / Escolta de Seguridad Femenina,,scraped,2026-07-07T03:48:48.621635,
1d45f982ec3e7182,https://pe.linkedin.com/jobs/view/practicante-de-segmento-masivo-at-cementos-pacasmayo-saa-4433910245,Practicante de Segmento Masivo,Cementos Pacasmayo SAA,posted,2026-07-07T03:49:50.867523,321
65475852a283753c,https://pe.linkedin.com/jobs/view/jefe-de-laboratorio-at-universidad-c%C3%A9sar-vallejo-4436959062,Jefe de Laboratorio,Universidad César Vallejo,posted,2026-07-07T03:50:03.528336,323
b2fd46543c8f4040,https://pe.linkedin.com/jobs/view/trabaja-desde-casa-remoto-turno-ma%C3%B1ana-atencion-al-cliente-claro-sueldo-fijo%2B-bonos-at-gea-per%C3%BA-4437108120,Trabaja desde casa/Remoto/Turno mañana/ Atencion al Cliente Claro/ Sueldo Fijo+ Bonos,GEA Perú,posted,2026-07-07T03:50:15.585804,325
8437648c7a244cea,https://pe.linkedin.com/jobs/view/asistente-de-finanzas-at-castillo-4436910544,Asistente de finanzas,,scraped,2026-07-07T03:50:18.237160,
2c6177a633c7c83a,https://pe.linkedin.com/jobs/view/trabaja-con-prosegur-como-agente-de-seguridad-armado-at-grupo-impulsate-4435591935,Trabaja Con Prosegur como Agente de Seguridad Armado,Grupo Impulsate,posted,2026-07-07T03:50:35.327756,327
11e292ba74679b7b,https://pe.linkedin.com/jobs/view/administrador-de-servicio-cd-trabajos-preliminares-junin-at-oca-global-4435270339,Administrador de Servicio / CD / Trabajos Preliminares / Junin,,scraped,2026-07-07T03:50:37.882756,
f90ed268fa13c37f,https://pe.linkedin.com/jobs/view/practicante-de-contabilidad-o-administraci%C3%B3n-at-sac-4436156288,Practicante de contabilidad o Administración,,scraped,2026-07-07T03:50:46.501442,
d1ea4e880471fb23,https://pe.linkedin.com/jobs/view/auxiliar-de-almacen-at-k%C2%B4steel-solutions-4436937903,Auxiliar de Almacen,,scraped,2026-07-07T03:50:54.430991,
c49f8ed6152cdd28,https://pe.linkedin.com/jobs/view/asistente-comercial-at-insalud-4433989929,Asistente Comercial,,scraped,2026-07-07T03:51:01.500173,
90ff2a3b9560e75d,https://pe.linkedin.com/jobs/view/administrador-de-concesionario-huachipa-at-servicial-holding-4436349077,Administrador de concesionario/Huachipa,,scraped,2026-07-07T03:51:08.181242,
c42f432b60b2da4e,https://pe.linkedin.com/jobs/view/practicante-de-marketing-retail-at-natura-4436141518,Practicante de Marketing - Retail,Natura,posted,2026-07-07T03:51:27.827268,329
